/*
Navicat MariaDB Data Transfer

Source Server         : localhost@root
Source Server Version : 100014
Source Host           : localhost:3306
Source Database       : blog_db

Target Server Type    : MariaDB
Target Server Version : 100014
File Encoding         : 65001

Date: 2014-12-28 09:49:08
*/

SET FOREIGN_KEY_CHECKS=0;

-- ----------------------------
-- Table structure for t_ef_article
-- ----------------------------
DROP TABLE IF EXISTS `t_ef_article`;
CREATE TABLE `t_ef_article` (
  `id_` varchar(50) NOT NULL,
  `title` varchar(100) NOT NULL COMMENT '标题',
  `type` varchar(50) DEFAULT NULL COMMENT '类型',
  `created` timestamp NULL DEFAULT NULL COMMENT '创建时间',
  `updated` timestamp NULL DEFAULT NULL COMMENT '更新时间',
  `content` text NOT NULL COMMENT '内容',
  `order` int(11) DEFAULT NULL COMMENT '排序',
  `status` varchar(2) DEFAULT NULL,
  `userid` varchar(50) DEFAULT NULL COMMENT '编写人',
  `username` varchar(50) DEFAULT NULL,
  `commentsnum` int(11) DEFAULT '0' COMMENT '回复数',
  `allowcomment` varchar(2) DEFAULT NULL,
  `readcount` int(11) DEFAULT '0' COMMENT '阅读数',
  `keyword` varchar(200) DEFAULT NULL COMMENT '关键字',
  `digest` varchar(500) DEFAULT NULL,
  `istop` int(255) DEFAULT '0' COMMENT '是否置顶',
  PRIMARY KEY (`id_`)
) ENGINE=InnoDB DEFAULT CHARSET=utf8 COMMENT='文章表';

-- ----------------------------
-- Records of t_ef_article
-- ----------------------------
INSERT INTO `t_ef_article` VALUES ('07e82cf0-24e3-11e4-8841-25fade088f59', '关于node.js全文检索', 'nodejs', '2014-08-16 09:17:04', '2014-08-20 06:52:52', '<p>node.js和mysql或mongodb怎么做全文检索？sphinx和node官方貌似都没有驱动。第三方的又不好用。无语<br/><br/></p>', null, '1', '77808370-24e1-11e4-8841-25fade088f59', 'gg', '0', null, '164', '', 's全文检索', '0');
INSERT INTO `t_ef_article` VALUES ('141c0c30-c2d2-11e3-bceb-83350fc580d2', 'Nodejs基础中间件Connect', 'nodejs', '2014-04-16 11:30:25', '2014-08-19 16:18:46', '<p style=\"text-indent:2em;font-family:&#39;Microsoft YaHei&#39;, 微软雅黑, Helvetica, Tahoma, Arial, STXihei, 华文细黑, SimSun, 宋体, Heiti, 黑体, sans-serif;font-size:16px;\">随着项目越来越大，依赖越来越多，代码的耦合度也越来越高。我们需要从架构的层面设计和优化代码的组织结构。RequireJS遵循AMD(异步模块定义)规范，从架构层抽象出“模块化”开发方案，并以标准化了模块化开发，同时和其他的开发框架保持兼容。</p><p style=\"text-indent:2em;font-family:&#39;Microsoft YaHei&#39;, 微软雅黑, Helvetica, Tahoma, Arial, STXihei, 华文细黑, SimSun, 宋体, Heiti, 黑体, sans-serif;font-size:16px;\">\r\n	按照RequireJS的规范，我们能够更容易地实现更复杂，更强大的JS的富客户端程序<img src=\"http://img.baidu.com/hi/jx2/j_0001.gif\" _src=\"http://img.baidu.com/hi/jx2/j_0001.gif\"/></p>', null, '1', '92265c40-c6b3-11e3-abe4-43f71316187c', 'admin', '0', null, '813', 'nodejs', '随着项目越来越大，依赖越来越多，代码的耦合度也越来越高。我们需要从架构的层面设计和优化代码的组织结构。RequireJS遵循AMD(异步模块定义)规范，从架构层抽象出“模块化”开发方案，并以标准化了模块化开发，同时和其他的开发框架保持兼容。\r\n按照RequireJS的规范，我们能够更容易地实现更复杂，更强大的JS的富客户端程序', '0');
INSERT INTO `t_ef_article` VALUES ('1f16b770-c2d2-11e3-bceb-83350fc580d2', '解读Nodejs多核处理模块cluster', 'nodejs', '2014-04-13 14:09:07', '2014-08-19 16:39:35', '<h2 style=\"font-family:\'Microsoft YaHei\', 微软雅黑, Helvetica, Tahoma, Arial, STXihei, 华文细黑, SimSun, 宋体, Heiti, 黑体, sans-serif;\">\r\n	前言：\r\n</h2>\r\n<p style=\"text-indent:2em;font-family:\'Microsoft YaHei\', 微软雅黑, Helvetica, Tahoma, Arial, STXihei, 华文细黑, SimSun, 宋体, Heiti, 黑体, sans-serif;font-size:16px;\">\r\n	大家都知道nodejs是一个单进程单线程的服务器引擎，不管有多么的强大硬件，只能利用到单个CPU进行计算。所以，有人开发了第三方的cluster，让node可以利用多核CPU实现并行。\r\n</p>\r\n<p style=\"text-indent:2em;font-family:\'Microsoft YaHei\', 微软雅黑, Helvetica, Tahoma, Arial, STXihei, 华文细黑, SimSun, 宋体, Heiti, 黑体, sans-serif;font-size:16px;\">\r\n	随着nodejs的发展，让nodejs上生产环境，就必须是支持多进程多核处理！在V0.6.0版本，Nodejs内置了cluster的特性。自此，Nodejs终于可以作为一个独立的应用开发解决方案，映入大家眼帘了。\r\n</p>\r\n<h2 style=\"font-family:\'Microsoft YaHei\', 微软雅黑, Helvetica, Tahoma, Arial, STXihei, 华文细黑, SimSun, 宋体, Heiti, 黑体, sans-serif;\">\r\n	文章目录：\r\n</h2>\r\n<ol style=\"font-family:\'Microsoft YaHei\', 微软雅黑, Helvetica, Tahoma, Arial, STXihei, 华文细黑, SimSun, 宋体, Heiti, 黑体, sans-serif;font-size:16px;\">\r\n	<li>\r\n		cluster介绍\r\n	</li>\r\n	<li>\r\n		cluster的简单使用\r\n	</li>\r\n	<li>\r\n		cluster的工作原理\r\n	</li>\r\n	<li>\r\n		cluster的API\r\n	</li>\r\n	<li>\r\n		master和worker的通信\r\n	</li>\r\n	<li>\r\n		用cluster实现负载均衡(Load Balance) — win7失败\r\n	</li>\r\n	<li>\r\n		用cluster实现负载均衡(Load Balance) — ubuntu成功\r\n	</li>\r\n	<li>\r\n		cluster负载均衡策略的测试\r\n	</li>\r\n</ol>\r\n<p style=\"text-indent:2em;font-family:\'Microsoft YaHei\', 微软雅黑, Helvetica, Tahoma, Arial, STXihei, 华文细黑, SimSun, 宋体, Heiti, 黑体, sans-serif;font-size:16px;\">\r\n	请查看博客文章\r\n</p>\r\n<p style=\"text-indent:2em;font-family:\'Microsoft YaHei\', 微软雅黑, Helvetica, Tahoma, Arial, STXihei, 华文细黑, SimSun, 宋体, Heiti, 黑体, sans-serif;font-size:16px;\">\r\n	<a href=\"http://blog.fens.me/nodejs-core-cluster/\" target=\"_blank\">http://blog.fens.me/nodejs-core-cluster/</a>\r\n</p>', null, '1', '92265c40-c6b3-11e3-abe4-43f71316187c', 'admin', '0', null, '182', '', null, '0');
INSERT INTO `t_ef_article` VALUES ('21f89cc0-1a29-11e4-a9bc-793f145d3a26', '为什么我喜欢单独编程', 'java', '2014-08-02 17:41:09', '2014-08-19 22:47:02', '<p><span style=\"color: rgb(68, 68, 68); font-family: Helvetica, Arial, sans-serif; font-size: 14px; line-height: 24px; background-color: rgb(255, 255, 255);\">比起那些伴随着敏捷方法论长大的年轻人，关于这个问题孰是孰非的争论更多的是出自于我这一代人之口。我想说的是，比起喋喋不休的争执，我更愿意去学习更先进的理念，</span></p>', null, '1', '92265c40-c6b3-11e3-abe4-43f71316187c', 'admin', '0', null, '115', '', '比起那些伴随着敏捷方法论长大的年轻人，关于这个问题孰是孰非的争论更多的是出自于我这一代人之口。我想说的是，比起喋喋不休的争执，我更愿意去学习更先进的理念，', '0');
INSERT INTO `t_ef_article` VALUES ('23260e60-fe8c-11e3-86c5-2fff3f4ee3ad', '解说什么。', 'index', '2014-06-28 14:19:19', '2014-08-18 17:19:05', '<p style=\"margin-top: 0px; margin-bottom: 15px; padding: 0px; border: 0px; float: none; font-size: 14px; line-height: 21px; color: rgb(0, 0, 0); clear: none; width: 610px; white-space: normal;\"><span style=\"font-family:微软雅黑, Microsoft YaHei\">那么在每一次取缓存时(get操作)，就不得不对这个数组进行遍历。因为遍历的时间复杂度会是O(n)，如果当n较大时，遍历花费的时间（包括遍历判断是否过期，以及过期之后的连锁操作）是相当可观的。</span></p><p style=\"margin-top: 0px; margin-bottom: 15px; padding: 0px; border: 0px; float: none; font-size: 14px; line-height: 21px; color: rgb(0, 0, 0); clear: none; width: 610px; white-space: normal;\"><span style=\"font-family:微软雅黑, Microsoft YaHei\">所以我们应该避免遍历——为了争取时间上的优势，就不得不在空间上有所牺牲。</span></p><p style=\"margin-top: 0px; margin-bottom: 15px; padding: 0px; border: 0px; float: none; font-size: 14px; line-height: 21px; color: rgb(0, 0, 0); clear: none; width: 610px; white-space: normal;\"><span style=\"font-family:微软雅黑, Microsoft YaHei\">仅仅考虑优化get操作的话，最理想的状态是把所有的key-value缓存都存入一个Object中，这样以来每次get操作都无需遍历，直接通过key就可以取得相应的value值：<img src=\"http://img.baidu.com/hi/jx2/j_0034.gif\" _src=\"http://img.baidu.com/hi/jx2/j_0034.gif\"/></span></p><p><br/></p>', null, '1', '92265c40-c6b3-11e3-abe4-43f71316187c', 'admin', '0', null, '65', 'Nodejs', '那么在每一次取缓存时(get操作)，就不得不对这个数组进行遍历。因为遍历的时间复杂度会是O(n)，如果当n较大时，遍历花费的时间（包括遍历判断是否过期，以及过期之后的连锁操作）是相当可观的。\r\n\r\n所以我们应该避免遍历——为了争取时间上的优势，就不得不在空间上有所牺牲。\r\n\r\n仅仅考虑优化get操作的话，最理想的状态是把所有的key-value缓存都存入一个Object中，这样以来每次get操作都无需遍历，直接通过key就可以取得相应的value值：', '0');
INSERT INTO `t_ef_article` VALUES ('284d49e0-221c-11e4-8cab-33fcae3d303a', '服务器续了一个月', 'shrj', '2014-08-12 20:28:26', '2014-08-20 06:51:53', '<p>服务器续了一个月，后面准备把JAVA项目等放到上面来，请期待吧。</p><p>另个带宽我调成1M了，可惜不能调整其它参数了。唉。</p><p><br/></p><p>谢谢大家支持！</p><p><br/></p><p>另外，这个博客有很多地方没有精细，请大家多包含。最近比较忙。</p>', null, '1', '92265c40-c6b3-11e3-abe4-43f71316187c', 'admin', '0', null, '117', '', '服务器续了一个月，后面准备把JAVA项目等放到上面来，请期待吧。\r\n另个带宽我调成1M了，可惜不能调整其它参数了。唉。', '0');
INSERT INTO `t_ef_article` VALUES ('36b9e500-c2d2-11e3-bceb-83350fc580d2', 'nodejs(express+mongodb)+angular项目', 'nodejs', '2014-04-16 10:50:16', '2014-08-19 16:19:01', '<p style=\"text-indent:2em;font-family:\'Microsoft YaHei\', 微软雅黑, Helvetica, Tahoma, Arial, STXihei, 华文细黑, SimSun, 宋体, Heiti, 黑体, sans-serif;font-size:16px;\">\r\n	地址：<a href=\"https://github.com/tangguangyao/stock\" target=\"_blank\">https://github.com/tangguangyao/stock</a>\r\n</p>\r\n<p style=\"text-indent:2em;font-family:\'Microsoft YaHei\', 微软雅黑, Helvetica, Tahoma, Arial, STXihei, 华文细黑, SimSun, 宋体, Heiti, 黑体, sans-serif;font-size:16px;\">\r\n	第一次用angular，开始angular文档被人抨击写的特别烂，ejs,jquery,angular混用，现在认真理解angular后重构为单页了模式了。\r\n</p>\r\n<p style=\"text-indent:2em;font-family:\'Microsoft YaHei\', 微软雅黑, Helvetica, Tahoma, Arial, STXihei, 华文细黑, SimSun, 宋体, Heiti, 黑体, sans-serif;font-size:16px;\">\r\n	欢迎大家提意见，批评，然后继续改进。\r\n</p>\r\n<p style=\"text-indent:2em;font-family:\'Microsoft YaHei\', 微软雅黑, Helvetica, Tahoma, Arial, STXihei, 华文细黑, SimSun, 宋体, Heiti, 黑体, sans-serif;font-size:16px;\">\r\n	<strong>项目目的：</strong>\r\n</p>\r\n<ul style=\"font-family:\'Microsoft YaHei\', 微软雅黑, Helvetica, Tahoma, Arial, STXihei, 华文细黑, SimSun, 宋体, Heiti, 黑体, sans-serif;font-size:16px;\">\r\n	<li>\r\n		边学边实践，项目中使用npm中比较热门的插件，\r\n	</li>\r\n	<li>\r\n		例如redis实现缓存；\r\n	</li>\r\n	<li>\r\n		grunt实现前端代码管理；\r\n	</li>\r\n	<li>\r\n		async实现流程控制；\r\n	</li>\r\n	<li>\r\n		gm实现图片大小处理；\r\n	</li>\r\n	<li>\r\n		socket实现及时通信；\r\n	</li>\r\n	<li>\r\n		mocha实现单元测试\r\n	</li>\r\n	<li>\r\n		还有前端使用angularjs\r\n	</li>\r\n</ul>\r\n<p style=\"text-indent:2em;font-family:\'Microsoft YaHei\', 微软雅黑, Helvetica, Tahoma, Arial, STXihei, 华文细黑, SimSun, 宋体, Heiti, 黑体, sans-serif;font-size:16px;\">\r\n	<strong>功能：</strong>\r\n</p>\r\n<ul style=\"font-family:\'Microsoft YaHei\', 微软雅黑, Helvetica, Tahoma, Arial, STXihei, 华文细黑, SimSun, 宋体, Heiti, 黑体, sans-serif;font-size:16px;\">\r\n	<li>\r\n		<p>\r\n			股票页面聊天室功能：\r\n		</p>\r\n		<p>\r\n			a. 聊天室以股票为单位，同一个用户可以进入多个股票的聊天室进行聊天\r\n		</p>\r\n		<p>\r\n			b. 聊天记录可以设置缓存数量，默认为20条，如果超过20条会存储到数据库中,当聊天室中没有用户也会将聊天内容存入数据库中\r\n		</p>\r\n		<p>\r\n			聊天室代码：<a href=\"https://github.com/tangguangyao/stock/blob/master/models/socket.js\" target=\"_blank\">https://github.com/tangguangyao/stock/blob/master/models/socket.js</a>\r\n		</p>\r\n	</li>\r\n</ul>\r\n<ul style=\"font-family:\'Microsoft YaHei\', 微软雅黑, Helvetica, Tahoma, Arial, STXihei, 华文细黑, SimSun, 宋体, Heiti, 黑体, sans-serif;font-size:16px;\">\r\n	<li>\r\n		<p>\r\n			微博类似的话题，评论，回复，转发功能，前端使用angularjs绑定实现\r\n		</p>\r\n	</li>\r\n	<li>\r\n		<p>\r\n			页面实时交互，包括关注股票，关注用户功能\r\n		</p>\r\n	</li>\r\n	<li>\r\n		<p>\r\n			股票页面能查看讨论这个股票的话题\r\n		</p>\r\n	</li>\r\n	<li>\r\n		<p>\r\n			个人页面能查看我关注的用户的话题，关注股票的相关话题，我的话题，@我的话题\r\n		</p>\r\n	</li>\r\n	<li>\r\n		<p>\r\n			加入grunt管理代码，引入uglify压缩代码，jshint检测代码规范，watch监听代码变化\r\n		</p>\r\n	</li>\r\n	<li>\r\n		<p>\r\n			使用mocha检测后端代码 检测代码在test中 总结mocha单元测试经验<a href=\"http://hi.baidu.com/tang_guangyao/item/302a9d1a9976c06ae65e0643\" target=\"_blank\">http://hi.baidu.com/tang_guangyao/item/302a9d1a9976c06ae65e0643</a>\r\n		</p>\r\n	</li>\r\n	<li>\r\n		<p>\r\n			加入async流程控制，对于需要多次回调查询数据库的进行重构\r\n		</p>\r\n	</li>\r\n	<li>\r\n		<p>\r\n			尝试bigpige，首页利用bigpipe，加载热门股票和热门用户，并且和angular结合使用\r\n		</p>\r\n	</li>\r\n	<li>\r\n		<p>\r\n			使用外网免费数据库<a href=\"https://app.mongohq.com/\" target=\"_blank\">https://app.mongohq.com</a>\r\n		</p>\r\n	</li>\r\n	<li>\r\n		<p>\r\n			跨域请求的雪球网具体股票数据\r\n		</p>\r\n	</li>\r\n	<li>\r\n		<p>\r\n			增加redis插件尝试（需要安装redis客户端<a href=\"http://redis.io/%EF%BC%8C%E6%8E%A8%E8%8D%90%E4%B8%80%E4%B8%AAredis%E7%AE%A1%E7%90%86%E5%B7%A5%E5%85%B7mac%E5%92%8Cwin%E9%83%BD%E5%8F%AF%E4%BB%A5%E4%BD%BF%E7%94%A8http://redisdesktop.com/\" target=\"_blank\">http://redis.io/，推荐一个redis管理工具mac和win都可以使用http://redisdesktop.com/</a>&nbsp;），首页点击我的评论，对我的评论加上redis处理，如果有缓存加载缓存内容，如果有缓存，但是在首页评论过，则去数据库取数据并且更新缓存\r\n		</p>\r\n	</li>\r\n</ul>\r\n<p style=\"text-indent:2em;font-family:\'Microsoft YaHei\', 微软雅黑, Helvetica, Tahoma, Arial, STXihei, 华文细黑, SimSun, 宋体, Heiti, 黑体, sans-serif;font-size:16px;\">\r\n	<strong>更新说明：</strong>\r\n</p>\r\n<p style=\"text-indent:2em;font-family:\'Microsoft YaHei\', 微软雅黑, Helvetica, Tahoma, Arial, STXihei, 华文细黑, SimSun, 宋体, Heiti, 黑体, sans-serif;font-size:16px;\">\r\n	-因为股票具体数据是跨域请求的雪球网接口，雪球接口的参数会定时改变，所以对接口参数处理了一下，放入views的top.ejs文件中。\r\n</p>\r\n<p style=\"text-indent:2em;font-family:\'Microsoft YaHei\', 微软雅黑, Helvetica, Tahoma, Arial, STXihei, 华文细黑, SimSun, 宋体, Heiti, 黑体, sans-serif;font-size:16px;\">\r\n	-重构部分前端\r\n</p>\r\n<p style=\"text-indent:2em;font-family:\'Microsoft YaHei\', 微软雅黑, Helvetica, Tahoma, Arial, STXihei, 华文细黑, SimSun, 宋体, Heiti, 黑体, sans-serif;font-size:16px;\">\r\n	<strong>安装方法：</strong>\r\n</p>\r\n<blockquote style=\"font-family:\'Microsoft YaHei\', 微软雅黑, Helvetica, Tahoma, Arial, STXihei, 华文细黑, SimSun, 宋体, Heiti, 黑体, sans-serif;font-size:16px;\">\r\n	<p>\r\n		首先安装nodejs,mongodb,redis(缓存使用),imageMagick（图片处理使用）\r\n	</p>\r\n	<p>\r\n		git clone https://github.com/tangguangyao/stock.git\r\n	</p>\r\n	<p>\r\n		npm install\r\n	</p>\r\n	<p>\r\n		node app.js\r\n	</p>\r\n</blockquote>\r\n<p style=\"text-indent:2em;font-family:\'Microsoft YaHei\', 微软雅黑, Helvetica, Tahoma, Arial, STXihei, 华文细黑, SimSun, 宋体, Heiti, 黑体, sans-serif;font-size:16px;\">\r\n	<strong>访问网站：</strong>\r\n</p>\r\n<ul style=\"font-family:\'Microsoft YaHei\', 微软雅黑, Helvetica, Tahoma, Arial, STXihei, 华文细黑, SimSun, 宋体, Heiti, 黑体, sans-serif;font-size:16px;\">\r\n	<li>\r\n		<p>\r\n			<a href=\"http://localhost:3000/\" target=\"_blank\">http://localhost:3000/</a>&nbsp;访问为使用ejs的nodejs模板，使用angularjs作为数据绑定用，由于这是第一次在复杂项目中使用angularjs，所以没有使用好angularjs，文档非常烂。\r\n		</p>\r\n	</li>\r\n	<li>\r\n		<p>\r\n			<a href=\"http://localhost:3000/app/app.html#/index\" target=\"_blank\">http://localhost:3000/app/app.html#/index</a>&nbsp;是对前端使用angularjs的一个重新规划，目前正在学习angularjs重构中\r\n		</p>\r\n	</li>\r\n</ul>', null, '1', '92265c40-c6b3-11e3-abe4-43f71316187c', 'admin', '0', null, '75', '', null, '0');
INSERT INTO `t_ef_article` VALUES ('3fbd2920-2b35-11e4-9d6a-89814f6d0063', '本系统用Nginx做代理后，访问还变慢了？OH.FUCK.', 'nodejs', '2014-08-24 10:20:43', '2014-10-18 10:39:19', '<p>代理到80：<a href=\"http://115.28.88.243/index\" target=\"_blank\" title=\"http://115.28.88.243/index\">http://115.28.88.243/index</a></p><p>nodejs3000：<a href=\"http://115.28.88.243:3000\" target=\"_blank\" title=\"http://115.28.88.243:3000\">http://115.28.88.243:3000</a></p><p><br/></p><p>看看我的配置文件：</p><pre class=\"brush:plain;toolbar:false\">upstream&nbsp;nodejs_server&nbsp;{#代理nodejs服务器\r\n&nbsp;&nbsp;&nbsp;&nbsp;server&nbsp;127.0.0.1:3000;\r\n}\r\n\r\nserver&nbsp;{\r\n&nbsp;&nbsp;&nbsp;&nbsp;listen&nbsp;&nbsp;&nbsp;&nbsp;&nbsp;&nbsp;&nbsp;80;\r\n&nbsp;&nbsp;&nbsp;&nbsp;server_name&nbsp;&nbsp;127.0.0.1;\r\n\r\n&nbsp;&nbsp;&nbsp;&nbsp;#charset&nbsp;koi8-r;\r\n&nbsp;&nbsp;&nbsp;&nbsp;#access_log&nbsp;&nbsp;/var/log/nginx/log/host.access.log&nbsp;&nbsp;main;\r\n\r\n&nbsp;&nbsp;&nbsp;&nbsp;location&nbsp;/&nbsp;{\r\n&nbsp;&nbsp;&nbsp;&nbsp;&nbsp;&nbsp;&nbsp;&nbsp;proxy_set_header&nbsp;&nbsp;&nbsp;X-Real-IP&nbsp;&nbsp;&nbsp;&nbsp;&nbsp;&nbsp;&nbsp;&nbsp;&nbsp;&nbsp;&nbsp;&nbsp;&nbsp;&nbsp;$remote_addr;\r\n&nbsp;&nbsp;&nbsp;&nbsp;&nbsp;&nbsp;&nbsp;&nbsp;proxy_set_header&nbsp;&nbsp;&nbsp;X-Forwarded-For&nbsp;&nbsp;&nbsp;&nbsp;&nbsp;&nbsp;&nbsp;&nbsp;$proxy_add_x_forwarded_for;\r\n&nbsp;&nbsp;&nbsp;&nbsp;&nbsp;&nbsp;&nbsp;&nbsp;proxy_set_header&nbsp;&nbsp;&nbsp;Host&nbsp;&nbsp;&nbsp;&nbsp;&nbsp;&nbsp;&nbsp;&nbsp;&nbsp;&nbsp;&nbsp;&nbsp;&nbsp;&nbsp;&nbsp;&nbsp;&nbsp;&nbsp;&nbsp;$http_host;\r\n&nbsp;&nbsp;&nbsp;&nbsp;&nbsp;&nbsp;&nbsp;&nbsp;proxy_pass&nbsp;&nbsp;http://nodejs_server;\r\n&nbsp;&nbsp;&nbsp;&nbsp;}\r\n\r\n&nbsp;&nbsp;&nbsp;&nbsp;location&nbsp;&nbsp;~&nbsp;/static/.*\\.(gif|jpg|jpeg|png|bmp|swf|css|js)$&nbsp;{\r\n&nbsp;&nbsp;&nbsp;&nbsp;&nbsp;&nbsp;&nbsp;proxy_cache&nbsp;cache_one;\r\n&nbsp;&nbsp;&nbsp;&nbsp;&nbsp;&nbsp;&nbsp;proxy_cache_valid&nbsp;300&nbsp;304&nbsp;12h;\r\n&nbsp;&nbsp;&nbsp;&nbsp;&nbsp;&nbsp;&nbsp;proxy_cache_valid&nbsp;301&nbsp;302&nbsp;1m;\r\n&nbsp;&nbsp;&nbsp;&nbsp;&nbsp;&nbsp;&nbsp;proxy_cache_valid&nbsp;any&nbsp;2m;\r\n&nbsp;&nbsp;&nbsp;&nbsp;&nbsp;&nbsp;&nbsp;proxy_cache_key&nbsp;$host$uri$is_args$args;\r\n\r\n&nbsp;&nbsp;&nbsp;&nbsp;&nbsp;&nbsp;&nbsp;add_header&nbsp;X-Via&nbsp;$remote_addr;\r\n&nbsp;&nbsp;&nbsp;&nbsp;&nbsp;&nbsp;&nbsp;add_header&nbsp;X-Cache&nbsp;$upstream_cache_status;\r\n\r\n&nbsp;&nbsp;&nbsp;&nbsp;&nbsp;&nbsp;&nbsp;proxy_set_header&nbsp;Host&nbsp;$host;\r\n&nbsp;&nbsp;&nbsp;&nbsp;&nbsp;&nbsp;&nbsp;proxy_set_header&nbsp;X-Forwarded-For&nbsp;$remote_addr;\r\n&nbsp;&nbsp;&nbsp;&nbsp;&nbsp;&nbsp;&nbsp;proxy_pass&nbsp;http://nodejs_server;\r\n&nbsp;&nbsp;&nbsp;&nbsp;}\r\n}</pre><p><br/></p>', null, '1', '92265c40-c6b3-11e3-abe4-43f71316187c', 'admin', '0', null, '54', 'nodejs,nginx', '本系统用Nginx做代理后，访问还变慢了？OH.FUCK.. 不知道怎么回事呢。唉。\r\nnginx 版本是1.6.1 服务器是centos6', '1');
INSERT INTO `t_ef_article` VALUES ('439b2a90-c2d2-11e3-bceb-83350fc580d2', '前端，angularjs,nodejs,javascript招聘求职的看过来咯', 'index', '2014-04-16 11:11:48', '2014-08-17 21:03:57', '<p style=\"text-indent:2em;font-family:&#39;Microsoft YaHei&#39;, 微软雅黑, Helvetica, Tahoma, Arial, STXihei, 华文细黑, SimSun, 宋体, Heiti, 黑体, sans-serif;font-size:16px;\">\r\n	前端，angularjs,nodejs,javascript招聘求职的看过来咯。。</p><p style=\"text-indent:2em;font-family:&#39;Microsoft YaHei&#39;, 微软雅黑, Helvetica, Tahoma, Arial, STXihei, 华文细黑, SimSun, 宋体, Heiti, 黑体, sans-serif;font-size:16px;\">\r\n	<a href=\"http://001.yaha.me/jobs/user/f4255419-5b4b-4665-935a-8bed048b6f18/\" target=\"_blank\">http://001.yaha.me/jobs/user/f4255419-5b4b-4665-935a-8bed048b6f18/</a></p><p style=\"text-indent:2em;font-family:&#39;Microsoft YaHei&#39;, 微软雅黑, Helvetica, Tahoma, Arial, STXihei, 华文细黑, SimSun, 宋体, Heiti, 黑体, sans-serif;font-size:16px;\">\r\n	在下用angularjs,nodejs,javascript 写了这个招聘求职的小程序，欢迎土槽。。。。。</p><p style=\"text-indent:2em;font-family:&#39;Microsoft YaHei&#39;, 微软雅黑, Helvetica, Tahoma, Arial, STXihei, 华文细黑, SimSun, 宋体, Heiti, 黑体, sans-serif;font-size:16px;\">\r\n	想说做个简历功能，这样以后大家投简历就不用打印了。 当然，简历网址会进一步改进，也许换成数字？或者加二维码，不过还没想好，先放着吧，等人多了，大家需求提出来再进一步进化咯。</p>', null, '1', '92265c40-c6b3-11e3-abe4-43f71316187c', 'admin', '0', null, '62', 'angularjs,nodejs,javascript', '在下用angularjs,nodejs,javascript 写了这个招聘求职的小程序，欢迎土槽。。。。。\r\n想说做个简历功能，这样以后大家投简历就不用打印了。 当然，简历网址会进一步改进，也许换成数字？或者加二维码，不过还没想好，先放着吧，等人多了，大家需求提出来再进一步进化咯。', '0');
INSERT INTO `t_ef_article` VALUES ('630b5030-24d4-11e4-8841-25fade088f59', '最近比忙', 'bcgw', '2014-08-16 07:32:14', '2014-08-19 17:42:52', '<p>有点忙哈，尽快搞完。迟早撤退。</p><p><br/></p><p>二期项目真不好搞，一个一个的坑，慢慢填。</p><p><br/></p><p>最近在对一个系统进行优化，深入之后研究别人代码。往事不堪回首哈。</p><p><br/></p><p>-copy to-</p><p>带一份淡然的心情</p><p>和一份不为所动的表情</p><p>走进那习惯的餐厅</p>', null, '1', '92265c40-c6b3-11e3-abe4-43f71316187c', 'admin', '0', null, '108', '', '最近比忙，主要项目事情太多。', '0');
INSERT INTO `t_ef_article` VALUES ('71ec0d40-02bc-11e4-ad7f-333cca9827b5', '阿里云', 'java', '2014-07-03 22:15:12', '2014-08-19 22:44:33', '<p>阿里云</p>', null, '1', '92265c40-c6b3-11e3-abe4-43f71316187c', 'admin', '0', null, '114', '阿里云', 'Express4+MySQL5 简单博客', '0');
INSERT INTO `t_ef_article` VALUES ('837fc450-fada-11e3-8c01-352a2d662b0b', '程序员要知道的事情', 'bcgw', '2014-06-23 21:30:17', '2014-08-18 15:35:38', '<p style=\"font-family:Verdana, &#39;Microsoft YaHei&#39;;text-indent:2em;color:#454545;font-size:16px;\">\r\n	程序员是一个神奇的职业（你懂的），我们工作的时候给公司带来很高的利益，我们自己也要给自己产生价值。</p><p style=\"font-family:Verdana, &#39;Microsoft YaHei&#39;;text-indent:2em;color:#454545;font-size:16px;\">\r\n	下面一些事情可以提高我们程序员，所以我们要认真的看一下。不喜勿喷!!!</p><p style=\"font-family:Verdana, &#39;Microsoft YaHei&#39;;text-indent:2em;color:#454545;font-size:16px;\">\r\n	<strong>1.经常和优秀的人在一起共事</strong></p><p style=\"font-family:Verdana, &#39;Microsoft YaHei&#39;;text-indent:2em;color:#454545;font-size:16px;\">\r\n	和一些老鸟在一起工作，对你有很大的提升。比如我经常看老鸟们操作Liunx系统，那命令敲的那就一个快啊（很羡慕）。我对Liunx操作也有了很大的提升。相信那句话：<span style=\"color:#CC0000;\">近朱者赤,近墨者黑</span></p><p style=\"font-family:Verdana, &#39;Microsoft YaHei&#39;;text-indent:2em;color:#454545;font-size:16px;\">\r\n	<strong>2.良好的时间管理</strong></p><p style=\"font-family:Verdana, &#39;Microsoft YaHei&#39;;text-indent:2em;color:#454545;font-size:16px;\">\r\n	我们程序员一定要对进行管理，并且要管理的要好，我们在做项目的时候，常常会遇到时间不够用的，其实是你对时间的管理出现的问题。这里我推荐大家使用&nbsp;<span style=\"color:#FF0000;\">番茄土豆 &nbsp;<span style=\"color:#000000;\">（不知道的请Google）</span><span style=\"color:#000000;\">来管理自己的时间。我正在使用感觉很棒！</span></span></p><p style=\"font-family:Verdana, &#39;Microsoft YaHei&#39;;text-indent:2em;color:#454545;font-size:16px;\">\r\n	<strong>3.了解的多一些</strong></p><p style=\"font-family:Verdana, &#39;Microsoft YaHei&#39;;text-indent:2em;color:#454545;font-size:16px;\">\r\n	这里我想说的是，在这个IT领域里面有好多我们不知道，我们要充分的利用业余时间去了解更多的知识，这样我们才不会被淘汰，请记住我的这句话！多学习，多思考。</p><p style=\"font-family:Verdana, &#39;Microsoft YaHei&#39;;text-indent:2em;color:#454545;font-size:16px;\">\r\n	<strong>4.享受我们的工作</strong></p><p style=\"font-family:Verdana, &#39;Microsoft YaHei&#39;;text-indent:2em;color:#454545;font-size:16px;\">\r\n	既然我们选择了这一行，我们就要做好。一些码农一辈子都是码农，一些码农只有3、4年是码农。这样看自己对自己的努力程度了！</p><p style=\"font-family:Verdana, &#39;Microsoft YaHei&#39;;text-indent:2em;color:#454545;font-size:16px;\">\r\n	<strong>5.抓住机会自已单干</strong></p><p style=\"font-family:Verdana, &#39;Microsoft YaHei&#39;;text-indent:2em;color:#454545;font-size:16px;\">\r\n	我们程序员要有自己的想法，抓住机会，自己创业。本人一直提醒自己不能给别人打一辈子的工，当我有好的想法和好的机遇的时候，我一定会自己创业，那怕最后很惨，我不后悔。因为我年轻(本人91的)！我很喜欢的一句话：一定要有梦想，万一实现了呢！！！</p><p style=\"font-family:Verdana, &#39;Microsoft YaHei&#39;;text-indent:2em;color:#454545;font-size:16px;\">\r\n	<strong>6.认真</strong></p><p style=\"font-family:Verdana, &#39;Microsoft YaHei&#39;;text-indent:2em;color:#454545;font-size:16px;\">\r\n	这两个字不难写，但是实践起来就不容易了。我们程序员要认真的读代码，读API，读官方文档。我们在写程序的时候，碰到的问题，官方都有很好的解释。所以我建议大家在遇到问题的时候，第一想到的是API.然后在Google!!</p><p style=\"font-family:Verdana, &#39;Microsoft YaHei&#39;;text-indent:2em;color:#454545;font-size:16px;\">\r\n	&nbsp;</p><p style=\"font-family:Verdana, &#39;Microsoft YaHei&#39;;text-indent:2em;color:#454545;font-size:16px;\">\r\n	以上六点是我在平时工作的时候总结，有些人会觉得我说的都是废话，但是你把这些废话做好了吗？忠言逆耳。希望大家在以后的工作中认认真真的对待每一行代码，每一行命令。</p>', null, '1', '92265c40-c6b3-11e3-abe4-43f71316187c', 'admin', '0', null, '68', '', '程序员是一个神奇的职业（你懂的），我们工作的时候给公司带来很高的利益，我们自己也要给自己产生价值。\r\n下面一些事情可以提高我们程序员，所以我们要认真的看一下。不喜勿喷!!!', '0');
INSERT INTO `t_ef_article` VALUES ('8614d090-fbaa-11e3-8521-19dea8a74412', '程序员持续学习之道', 'bcgw', '2014-06-24 22:19:16', '2014-08-18 09:24:48', '<p style=\"font-family:Helvetica, Tahoma, Arial, sans-serif;font-size:14px;\">\r\n	我其实是一个悲观主义者，从开始成为一名程序员的那一天开始，我就对自己的职业充满着担忧。早期，我担忧的是我刚进入这一行，落后身边从事这一行多年的人 太多，跟他们比，我一开始就处于“不公平“的起跑线上；二是当我稍微深入这行后，发现技术的道路充满了歧路和死胡同，稍不留神，就将落入再也跟不上技术进 步的节奏，身边也充斥着类似的示例。</p><p style=\"font-family:Helvetica, Tahoma, Arial, sans-serif;font-size:14px;\">\r\n	&nbsp;</p><p style=\"font-family:Helvetica, Tahoma, Arial, sans-serif;font-size:14px;\">\r\n	　　好在在这条路上，我找到了一个克服担忧的良方：学习，坚持不懈的学习！</p><p style=\"font-family:Helvetica, Tahoma, Arial, sans-serif;font-size:14px;\">\r\n	&nbsp;</p><p style=\"font-family:Helvetica, Tahoma, Arial, sans-serif;font-size:14px;\">\r\n	　　人类最大的恐惧莫过于对未知的恐惧，而学习，是克服未知的一个最有效途径。那作为一个程序员，该如何才能做到坚持不懈的学习呢？我想主要有以下几点：</p><p style=\"font-family:Helvetica, Tahoma, Arial, sans-serif;font-size:14px;\">\r\n	&nbsp;</p><p style=\"font-family:Helvetica, Tahoma, Arial, sans-serif;font-size:14px;\">\r\n	<strong>　　1. 不抗拒变化，跟踪变化</strong></p><p style=\"font-family:Helvetica, Tahoma, Arial, sans-serif;font-size:14px;\">\r\n	　　这里说的变化，更多指的是技术的变化。新技术永远层出不穷，如果你抗拒变化，或惧怕变化，在心里优势上就落后了一大截。很多程序员的技术道路越走越 窄，当一门新技术来临时，他们从不去了解或研究，他们要么认为这是”换汤不换药“的”技术幌子“，不值得去研究，要么等着别人去研究，自己被动的接受别人 的结论与成果。诚然，等待别人的研究结果也可行，但是，当身边没有人去研究呢？当研究的人不愿意提供给你他的研究结果呢？当别人的结论和结果是错误的呢？</p><p style=\"font-family:Helvetica, Tahoma, Arial, sans-serif;font-size:14px;\">\r\n	　　当然，业界的新技术层出不穷，要去跟踪每一项新技术的变化也是不可能的，我的建议是尽量掌握基础的技术，越是基础的技术越是恒定。如计算机的体系架 构，TCP，HTTP，各类编程范式，OOP，MVC架构等，都是好多年来没有发生过变化的技术了。许多新技术也是建立在他们上面，当你了解了这些基础的 技术，建立在他们之上的新技术也就能很快掌握了，并能迅速而准确地对这些新技术作出“价值判断”。</p><p style=\"font-family:Helvetica, Tahoma, Arial, sans-serif;font-size:14px;\">\r\n	　　技术的变化，其实也并不全是指业界的新技术来临，更多指的是，超出自己当前技术能力外，<strong>主动研究和选择的“新技术” ，主动丢弃老的套路和技术，不固步自封</strong>。 见过很多的程序员，他们写了很多年的代码了，技术能力还停留在数据库层写一个Sql(存储过程)+前端调用上。为什么如此呢？因为自开始写代码起，这样简 单粗暴的方式就可以解决他们面对的问题了。所以，当碰到新的问题，他们就继续沿用着这种方式，而从不去看看业界是不是有更合适的方案来解决。长此以往，他 们的技术能力也就不会有任何的变化，工作十年，只是将第一年所学的技术重复十年而已。</p><p style=\"font-family:Helvetica, Tahoma, Arial, sans-serif;font-size:14px;\">\r\n	<strong>&nbsp;</strong></p><p style=\"font-family:Helvetica, Tahoma, Arial, sans-serif;font-size:14px;\">\r\n	<strong>　　2. 书宜杂读，业宜精钻</strong></p><blockquote style=\"margin-left:10px;font-family:Helvetica, Tahoma, Arial, sans-serif;font-size:14px;\">\r\n	<p>\r\n		建筑学家梁思成赴美留学，其父梁启超告诫说：你该挤出一部分时间学些常识性东西，特别是文学或人文科学，稍稍多用点工夫就能有大的收获。我深怕你因所学太专一，把多彩的生活弄得平平淡淡，生活过于单调，则生厌倦心理，厌倦一生即成苦恼之事……书宜杂读，业宜精钻。	</p></blockquote><p style=\"font-family:Helvetica, Tahoma, Arial, sans-serif;font-size:14px;\">\r\n	　　学习本身应该是一件很快乐的事情，但如果只是一味地沉浸于专业学习之中，难免会将本来快乐的事情弄成平淡和单调，更可怕的是，由此产生厌倦心理，放弃学习。</p><p style=\"font-family:Helvetica, Tahoma, Arial, sans-serif;font-size:14px;\">\r\n	　　所以，可以尽量跟随自己的兴趣，去更广泛地读书。历史，文学，心理学，哲学等等各方面的书都可以尝试去读，它们不仅丰富你的知识，更能让你在阅读中受到感动、教育和启迪。<strong>书读的更多更广泛，知道的事也就多，思路更加开阔，解决问题的能力也就能高于常人，从而反过来帮助到你专业能力的提升。</strong></p><p style=\"font-family:Helvetica, Tahoma, Arial, sans-serif;font-size:14px;\">\r\n	<strong>&nbsp;</strong></p><p style=\"font-family:Helvetica, Tahoma, Arial, sans-serif;font-size:14px;\">\r\n	<strong>　　3. 投资团队，积极打造学习型团队</strong></p><p style=\"font-family:Helvetica, Tahoma, Arial, sans-serif;font-size:14px;\">\r\n	　　现代社会，难免的一点就是个人必须置身于群体之中，程序员更是如此。从群体心理学的角度来看，在群体里，个人的才智被削弱，异质性被同质性所吞没。由此，<strong>如果一个团队不爱学习，那么，其中的成员也很难坚持学习</strong>（个性和意志力特别强的人除外）。</p><p style=\"font-family:Helvetica, Tahoma, Arial, sans-serif;font-size:14px;\">\r\n	　　如果你爱学习，请想办法让你的团队也变得爱学习，这样，你对学习的坚持将变得更加容易。或许你认为建立学习氛围，是团队领导的事情，跟自己无关。领 导当然可以来做也需要来做这样的事情，但要明白的一点，学习这事，如果变成从上向下，就难免“政治化”了，容易失去它本身的意义。而从下往上，更能建立轻 松和谐的学习环境。</p>', null, '1', '92265c40-c6b3-11e3-abe4-43f71316187c', 'admin', '0', null, '56', '', '我其实是一个悲观主义者，从开始成为一名程序员的那一天开始，我就对自己的职业充满着担忧。早期，我担忧的是我刚进入这一行，落后身边从事这一行多年的人 太多，跟他们比，我一开始就处于“不公平“的起跑线上；二是当我稍微深入这行后，发现技术的道路充满了歧路和死胡同，稍不留神，就将落入再也跟不上技术进 步的节奏，身边也充斥着类似的示例。', '0');
INSERT INTO `t_ef_article` VALUES ('91fe9440-240e-11e4-8841-25fade088f59', '后期想法，系统将增加功能列表', 'bcgw', '2014-08-15 07:56:13', '2014-08-19 22:48:27', '<p>后期想法，系统将做一些升级。</p><p>将会增加：</p><p><br/></p><ol class=\" list-paddingleft-2\" style=\"list-style-type: decimal;\"><li><p><span style=\"color: rgb(255, 0, 0);\">增加更新历史记录</span></p></li><li><p>增加聊天功能</p></li><li><p>增加评论提醒</p></li><li><p>优化评论排版</p></li><li><p>系统缓存处理</p></li><li><p>用户头像，<span style=\"color: rgb(255, 0, 0);\">图片剪切</span></p></li><li><p>全文搜索功能</p></li><li><p><span style=\"color: rgb(255, 0, 0);\">界面调整，样式，布局等等、</span></p></li><li><p><span style=\"color: rgb(0, 0, 0);\">增加置顶功能</span><br/></p></li></ol><p><br/></p><p><br/></p><p>有哪位哥们对NodeJS&nbsp;<span style=\"color: rgb(255, 0, 0);\">图片剪切了解的 <span style=\"color: rgb(0, 0, 0);\">之前试过但是一直失败<span style=\"color: rgb(0, 0, 0);\">。</span></span></span></p>', null, '1', 'eaf08a50-f8f7-11e3-88b3-29ce15a223c1', 'test', '0', null, '87', '', '后期想法，系统将做一些升级', '0');
INSERT INTO `t_ef_article` VALUES ('9ee264b0-c2d0-11e3-a1f9-7914cf6e1af9', 'Node.js v0.10.3 稳定版发布', 'nodejs', '2014-04-13 14:00:35', '2014-08-20 01:16:44', '<p style=\"text-indent:2em;font-family:\'Microsoft YaHei\', 微软雅黑, Helvetica, Tahoma, Arial, STXihei, 华文细黑, SimSun, 宋体, Heiti, 黑体, sans-serif;font-size:16px;\">\r\n	Node.js 发布最新稳定版 0.10.3 ，改进内容包括：\r\n</p>\r\n<ol style=\"font-family:\'Microsoft YaHei\', 微软雅黑, Helvetica, Tahoma, Arial, STXihei, 华文细黑, SimSun, 宋体, Heiti, 黑体, sans-serif;font-size:16px;\">\r\n	<li>\r\n		npm: Upgrade to 1.2.17\r\n	</li>\r\n	<li>\r\n		child_process: acknowledge sent handles (Fedor Indutny)\r\n	</li>\r\n	<li>\r\n		etw: update prototypes to match dtrace provider (Timothy J Fontaine)\r\n	</li>\r\n	<li>\r\n		dtrace: pass more arguments to probes (Dave Pacheco)\r\n	</li>\r\n	<li>\r\n		build: allow building with dtrace on osx (Dave Pacheco)\r\n	</li>\r\n	<li>\r\n		http: Remove legacy ECONNRESET workaround code (isaacs)\r\n	</li>\r\n	<li>\r\n		http: Ensure socket cleanup on client response end (isaacs)\r\n	</li>\r\n	<li>\r\n		tls: Destroy socket when encrypted side closes (isaacs)\r\n	</li>\r\n	<li>\r\n		repl: isSyntaxError() catches \"strict mode\" errors (Nathan Rajlich)\r\n	</li>\r\n	<li>\r\n		crypto: Pass options to ctor calls (isaacs)\r\n	</li>\r\n	<li>\r\n		src: tie process.versions.uv to uv_version_string() (Ben Noordhuis)\r\n	</li>\r\n</ol>\r\n<p style=\"text-indent:2em;font-family:\'Microsoft YaHei\', 微软雅黑, Helvetica, Tahoma, Arial, STXihei, 华文细黑, SimSun, 宋体, Heiti, 黑体, sans-serif;font-size:16px;\">\r\n	<strong>相关链接：</strong>\r\n</p>\r\n<p style=\"text-indent:2em;font-family:\'Microsoft YaHei\', 微软雅黑, Helvetica, Tahoma, Arial, STXihei, 华文细黑, SimSun, 宋体, Heiti, 黑体, sans-serif;font-size:16px;\">\r\n	Source Code:&nbsp;<a href=\"http://nodejs.org/dist/v0.10.3/node-v0.10.3.tar.gz\" target=\"_blank\">http://nodejs.org/dist/v0.10.3/node-v0.10.3.tar.gz</a>\r\n</p>\r\n<p style=\"text-indent:2em;font-family:\'Microsoft YaHei\', 微软雅黑, Helvetica, Tahoma, Arial, STXihei, 华文细黑, SimSun, 宋体, Heiti, 黑体, sans-serif;font-size:16px;\">\r\n	Macintosh Installer (Universal):&nbsp;<a href=\"http://nodejs.org/dist/v0.10.3/node-v0.10.3.pkg\" target=\"_blank\">http://nodejs.org/dist/v0.10.3/node-v0.10.3.pkg</a>\r\n</p>\r\n<p style=\"text-indent:2em;font-family:\'Microsoft YaHei\', 微软雅黑, Helvetica, Tahoma, Arial, STXihei, 华文细黑, SimSun, 宋体, Heiti, 黑体, sans-serif;font-size:16px;\">\r\n	Windows Installer:&nbsp;<a href=\"http://nodejs.org/dist/v0.10.3/node-v0.10.3-x86.msi\" target=\"_blank\">http://nodejs.org/dist/v0.10.3/node-v0.10.3-x86.msi</a>\r\n</p>\r\n<p style=\"text-indent:2em;font-family:\'Microsoft YaHei\', 微软雅黑, Helvetica, Tahoma, Arial, STXihei, 华文细黑, SimSun, 宋体, Heiti, 黑体, sans-serif;font-size:16px;\">\r\n	Windows x64 Installer:&nbsp;<a href=\"http://nodejs.org/dist/v0.10.3/x64/node-v0.10.3-x64.msi\" target=\"_blank\">http://nodejs.org/dist/v0.10.3/x64/node-v0.10.3-x64.msi</a>\r\n</p>\r\n<p style=\"text-indent:2em;font-family:\'Microsoft YaHei\', 微软雅黑, Helvetica, Tahoma, Arial, STXihei, 华文细黑, SimSun, 宋体, Heiti, 黑体, sans-serif;font-size:16px;\">\r\n	Windows x64 Files:&nbsp;<a href=\"http://nodejs.org/dist/v0.10.3/x64/\" target=\"_blank\">http://nodejs.org/dist/v0.10.3/x64/</a>\r\n</p>\r\n<p style=\"text-indent:2em;font-family:\'Microsoft YaHei\', 微软雅黑, Helvetica, Tahoma, Arial, STXihei, 华文细黑, SimSun, 宋体, Heiti, 黑体, sans-serif;font-size:16px;\">\r\n	Linux 32-bit Binary:&nbsp;<a href=\"http://nodejs.org/dist/v0.10.3/node-v0.10.3-linux-x86.tar.gz\" target=\"_blank\">http://nodejs.org/dist/v0.10.3/node-v0.10.3-linux-x86.tar.gz</a>\r\n</p>\r\n<p style=\"text-indent:2em;font-family:\'Microsoft YaHei\', 微软雅黑, Helvetica, Tahoma, Arial, STXihei, 华文细黑, SimSun, 宋体, Heiti, 黑体, sans-serif;font-size:16px;\">\r\n	Linux 64-bit Binary:&nbsp;<a href=\"http://nodejs.org/dist/v0.10.3/node-v0.10.3-linux-x64.tar.gz\" target=\"_blank\">http://nodejs.org/dist/v0.10.3/node-v0.10.3-linux-x64.tar.gz</a>\r\n</p>\r\n<p style=\"text-indent:2em;font-family:\'Microsoft YaHei\', 微软雅黑, Helvetica, Tahoma, Arial, STXihei, 华文细黑, SimSun, 宋体, Heiti, 黑体, sans-serif;font-size:16px;\">\r\n	Solaris 32-bit Binary:&nbsp;<a href=\"http://nodejs.org/dist/v0.10.3/node-v0.10.3-sunos-x86.tar.gz\" target=\"_blank\">http://nodejs.org/dist/v0.10.3/node-v0.10.3-sunos-x86.tar.gz</a>\r\n</p>\r\n<p style=\"text-indent:2em;font-family:\'Microsoft YaHei\', 微软雅黑, Helvetica, Tahoma, Arial, STXihei, 华文细黑, SimSun, 宋体, Heiti, 黑体, sans-serif;font-size:16px;\">\r\n	Solaris 64-bit Binary:&nbsp;<a href=\"http://nodejs.org/dist/v0.10.3/node-v0.10.3-sunos-x64.tar.gz\" target=\"_blank\">http://nodejs.org/dist/v0.10.3/node-v0.10.3-sunos-x64.tar.gz</a>\r\n</p>\r\n<p style=\"text-indent:2em;font-family:\'Microsoft YaHei\', 微软雅黑, Helvetica, Tahoma, Arial, STXihei, 华文细黑, SimSun, 宋体, Heiti, 黑体, sans-serif;font-size:16px;\">\r\n	Other release files:&nbsp;<a href=\"http://nodejs.org/dist/v0.10.3/\" target=\"_blank\">http://nodejs.org/dist/v0.10.3/</a>\r\n</p>\r\n<p style=\"text-indent:2em;font-family:\'Microsoft YaHei\', 微软雅黑, Helvetica, Tahoma, Arial, STXihei, 华文细黑, SimSun, 宋体, Heiti, 黑体, sans-serif;font-size:16px;\">\r\n	Website:&nbsp;<a href=\"http://nodejs.org/docs/v0.10.3/\" target=\"_blank\">http://nodejs.org/docs/v0.10.3/</a>\r\n</p>\r\n<p style=\"text-indent:2em;font-family:\'Microsoft YaHei\', 微软雅黑, Helvetica, Tahoma, Arial, STXihei, 华文细黑, SimSun, 宋体, Heiti, 黑体, sans-serif;font-size:16px;\">\r\n	Documentation:&nbsp;<a href=\"http://nodejs.org/docs/v0.10.3/api/\" target=\"_blank\">http://nodejs.org/docs/v0.10.3/api/</a>\r\n</p>', null, '1', '92265c40-c6b3-11e3-abe4-43f71316187c', 'admin', null, null, '62', '', null, '0');
INSERT INTO `t_ef_article` VALUES ('a595d900-fbaa-11e3-8521-19dea8a74412', '如何享受编程', 'index', '2014-06-24 22:20:09', '2014-08-17 11:07:39', '<p><img src=\"http://img.baidu.com/hi/jx2/j_0002.gif\" _src=\"http://img.baidu.com/hi/jx2/j_0002.gif\"/></p>', null, '1', '92265c40-c6b3-11e3-abe4-43f71316187c', 'admin', '0', null, '71', '', '', '0');
INSERT INTO `t_ef_article` VALUES ('a74ef1e0-2342-11e4-a02b-01f7c8aedc7b', '博客调整了一下样式，完全按自己审美', 'bcgw', '2014-08-14 07:36:31', '2014-08-20 06:52:56', '<p>博客调整了一下样式，完全按自己审美。（想迫切修复图片剪切功能，啊啊，受不鸟了！！纠结中...<img src=\"http://img.baidu.com/hi/jx2/j_0062.gif\"/>）</p><p>修改内容：</p><ol class=\" list-paddingleft-2\" style=\"list-style-type: decimal;\"><li><p>navbar背景色修改，选中修改</p></li><li><p>首页调整</p></li><li><p>增加了帐号重复检验，后台判断。</p></li></ol><p><br/></p><p><br/></p><p>后面会对系统一直进行改造，最近在学习KUI。html5框架，感觉很不错，准备抛弃下EXTJS,easyUI,smartClient等JS框架。</p><p>有时间我会把KUI以一个项目形式部署上来，请大家期待。谢谢！<img src=\"http://img.baidu.com/hi/jx2/j_0069.gif\"/><img src=\"http://img.baidu.com/hi/jx2/j_0024.gif\"/></p><p><br/></p><p>PS:一直以来，我对网页设计一直感兴趣。</p>', null, '1', '92265c40-c6b3-11e3-abe4-43f71316187c', 'admin', '0', null, '124', '', '博客调整了一下样式，完全按自己审美。', '1');
INSERT INTO `t_ef_article` VALUES ('a8190670-18bf-11e4-a9bc-793f145d3a26', '我喜欢技术', 'java', '2014-07-31 22:33:37', '2014-08-19 22:46:58', '<p>我喜欢技术。那么一起吧。</p>', null, '1', '92265c40-c6b3-11e3-abe4-43f71316187c', 'admin', '0', null, '54', '', '我喜欢技术', '0');
INSERT INTO `t_ef_article` VALUES ('b15bd990-fed6-11e3-99ec-29954d22aa9b', '论程序员', 'bcgw', '2014-06-28 23:13:00', '2014-08-17 13:07:57', '<p><span style=\"font-family:微软雅黑, Microsoft YaHei\"><span style=\"color: rgb(0, 0, 0); font-size: 14px; line-height: 25.200000762939453px; white-space: normal;\">程序员的工资极高，确实让其他很多行业人很羡慕。&nbsp;</span><br style=\"color: rgb(0, 0, 0); font-size: 14px; line-height: 25.200000762939453px; white-space: normal;\"/><span style=\"color: rgb(0, 0, 0); font-size: 14px; line-height: 25.200000762939453px; white-space: normal;\">但做我们程序员这一行也并不容易，因为我们这一行知识更新的速度实在太快了。&nbsp;</span><br style=\"color: rgb(0, 0, 0); font-size: 14px; line-height: 25.200000762939453px; white-space: normal;\"/><span style=\"color: rgb(0, 0, 0); font-size: 14px; line-height: 25.200000762939453px; white-space: normal;\">就从我们使用的编程语言来看，基本上几年就会有一大变。&nbsp;</span><br style=\"color: rgb(0, 0, 0); font-size: 14px; line-height: 25.200000762939453px; white-space: normal;\"/><span style=\"color: rgb(0, 0, 0); font-size: 14px; line-height: 25.200000762939453px; white-space: normal;\">离开大学校园，如果一直不学习，自己的知识结构就无法更新，时间久了就会被这个行业所抛弃。&nbsp;</span><br style=\"color: rgb(0, 0, 0); font-size: 14px; line-height: 25.200000762939453px; white-space: normal;\"/><span style=\"color: rgb(0, 0, 0); font-size: 14px; line-height: 25.200000762939453px; white-space: normal;\">所以作为程序员，一定要有超强的自学能力。&nbsp;</span><br style=\"color: rgb(0, 0, 0); font-size: 14px; line-height: 25.200000762939453px; white-space: normal;\"/><span style=\"color: rgb(0, 0, 0); font-size: 14px; line-height: 25.200000762939453px; white-space: normal;\">而且必须时刻跟上行业发展的步伐。&nbsp;</span></span><br style=\"color: rgb(0, 0, 0); font-family: Helvetica, Tahoma, Arial, sans-serif; font-size: 14px; line-height: 25.200000762939453px; white-space: normal;\"/><br/></p>', null, '1', '92265c40-c6b3-11e3-abe4-43f71316187c', 'admin', '0', null, '96', 'java', '最近研究了一下Java的浮点数计算问题，从网上查询了相关的资料，汇总并经过了一些整理和调试，最后完成此文，欢迎大家指出其中的错误和问题。在Java中，float声明的变量是单精度浮点数，double声明的变量是双精度浮点数，顾名思义就是double型的实体占用内存空间是float的两倍。float是4个字节而double是8个字节。float和double类型的数据，无法精确表示计算结果，这是由于float和double是不精确的计算。大家可以通过下面代码可以看出来:', '0');
INSERT INTO `t_ef_article` VALUES ('b98f8170-c2d1-11e3-bceb-83350fc580d2', 'Nodejs实现websocket的4种方式', 'nodejs', '2014-04-13 14:06:31', '2014-08-18 17:15:29', '<h3 style=\"font-family:&#39;Microsoft YaHei&#39;, 微软雅黑, Helvetica, Tahoma, Arial, STXihei, 华文细黑, SimSun, 宋体, Heiti, 黑体, sans-serif;\">\r\n	</h3><h2 style=\"font-family:&#39;Microsoft YaHei&#39;, 微软雅黑, Helvetica, Tahoma, Arial, STXihei, 华文细黑, SimSun, 宋体, Heiti, 黑体, sans-serif;\">\r\n		前言：	</h2><p>\r\n	</p><p style=\"text-indent:2em;font-family:&#39;Microsoft YaHei&#39;, 微软雅黑, Helvetica, Tahoma, Arial, STXihei, 华文细黑, SimSun, 宋体, Heiti, 黑体, sans-serif;font-size:16px;\">\r\n		WebSocket是HTML5开始提供的一种浏览器与服务器间进行全双工通讯的网络技术。在WebSocket API中，浏览器和服务器只需要要做一个握手(handshaking)的动作，然后，浏览器和服务器之间就形成了一条快速通道。两者之间就直接可以数据互相传送。	</p><p>\r\n	</p><p style=\"text-indent:2em;font-family:&#39;Microsoft YaHei&#39;, 微软雅黑, Helvetica, Tahoma, Arial, STXihei, 华文细黑, SimSun, 宋体, Heiti, 黑体, sans-serif;font-size:16px;\">\r\n		WebSocket是一个通信的协议，分为服务器和客户端。服务器放在后台，保持与客户端的长连接，完成双方通信的任务。客户端一般都是实现在支持HTML5浏览器核心中，通过提供JavascriptAPI使用网页可以建立websocket连接。Java实现的案例，请参考：<a href=\"http://blog.fens.me/java-websocket-intro/\" target=\"_blank\">Java现实WebSocket</a>\r\n	</p><p>\r\n	</p><p style=\"text-indent:2em;font-family:&#39;Microsoft YaHei&#39;, 微软雅黑, Helvetica, Tahoma, Arial, STXihei, 华文细黑, SimSun, 宋体, Heiti, 黑体, sans-serif;font-size:16px;\">\r\n		今天让我们来看看在nodejs中，如何实现websocket的通信。	</p><p>\r\n	</p><h2 style=\"font-family:&#39;Microsoft YaHei&#39;, 微软雅黑, Helvetica, Tahoma, Arial, STXihei, 华文细黑, SimSun, 宋体, Heiti, 黑体, sans-serif;\">\r\n		文章目录：	</h2><p>\r\n	</p><ol style=\"font-family:&#39;Microsoft YaHei&#39;, 微软雅黑, Helvetica, Tahoma, Arial, STXihei, 华文细黑, SimSun, 宋体, Heiti, 黑体, sans-serif;font-size:16px;\"><li>\r\n		</li><li>\r\n			为什么用Nodejs		</li><li>\r\n		</li><li>\r\n			node-websocket-server:测试失败		</li><li>\r\n		</li><li>\r\n			node-websocket:测试成功		</li><li>\r\n		</li><li>\r\n			faye-websocket-node: 测试成功		</li><li>\r\n		</li><li>\r\n			socket.io: 测试成功		</li><li>\r\n		</li><li>\r\n			最后总结		</li><li>\r\n	</li></ol><p>\r\n	</p><p style=\"text-indent:2em;font-family:&#39;Microsoft YaHei&#39;, 微软雅黑, Helvetica, Tahoma, Arial, STXihei, 华文细黑, SimSun, 宋体, Heiti, 黑体, sans-serif;font-size:16px;\">\r\n		请查看博客文章	</p><p>\r\n	</p><p style=\"text-indent:2em;font-family:&#39;Microsoft YaHei&#39;, 微软雅黑, Helvetica, Tahoma, Arial, STXihei, 华文细黑, SimSun, 宋体, Heiti, 黑体, sans-serif;font-size:16px;\">\r\n		<a href=\"http://blog.fens.me/nodejs-websocket/\" target=\"_blank\">http://blog.fens.me/nodejs-websocket/</a>\r\n	</p><p style=\"text-indent:2em;font-family:&#39;Microsoft YaHei&#39;, 微软雅黑, Helvetica, Tahoma, Arial, STXihei, 华文细黑, SimSun, 宋体, Heiti, 黑体, sans-serif;font-size:16px;\">\r\n	<a href=\"http://weibo.com/goddyzhao\" target=\"_blank\"></a><a href=\"http://blog.goddyzhao.me/post/11522397416/how-to-debug-node-with-node-inspector\" target=\"_blank\"></a></p>', null, '1', '92265c40-c6b3-11e3-abe4-43f71316187c', 'admin', '0', null, '66', 'websocket，nodejs', 'WebSocket是HTML5开始提供的一种浏览器与服务器间进行全双工通讯的网络技术。在WebSocket API中，浏览器和服务器只需要要做一个握手(handshaking)的动作，然后，浏览器和服务器之间就形成了一条快速通道。两者之间就直接可以数据互相传送。', '0');
INSERT INTO `t_ef_article` VALUES ('cadc7370-133f-11e4-b2eb-1d2cdbd5770d', '推荐Java 表达式引擎', 'java', '2014-07-24 22:35:44', '2014-08-19 12:50:54', '<p>推荐Java 表达式引擎，谢谢。性能要好，能识别excel公式。</p>', null, '1', '92265c40-c6b3-11e3-abe4-43f71316187c', 'admin', '0', null, '64', '', '推荐Java 表达式引擎', '0');
INSERT INTO `t_ef_article` VALUES ('d2d65ce0-1c76-11e4-88a6-9308e8ec8851', '赞一下博主这套NodeJS系统 ', 'nodejs', '2014-08-05 16:02:20', '2014-08-20 07:34:43', '<p>赞一下博主这套NodeJS系统</p>', null, '1', '67a5b830-1c76-11e4-88a6-9308e8ec8851', 'nodejsfans', '0', null, '143', '', '赞一下博主这套NodeJS系统 ', '0');
INSERT INTO `t_ef_article` VALUES ('d49359b0-040d-11e4-80c0-3f879252e9e6', 'Express4+MySQL5 简单博客', 'java', '2014-07-05 14:30:18', '2014-08-20 07:41:27', '<p>、言归正传，Express4+MySQL简单博客，项目在我github上。</p><p><br/></p><p>------------------------------------------</p><p>Express4+MySQL5 简单博客 断断续续写的，时间没有统计。是去年年底了解NODEJS的。买了本MDB感觉不太喜欢就没读吧。都吹着说NOSQL,我只能说呵呵。这个博客基本功能有了，后面会继续写下去。前台包括后台都是自己写的，之前写过很多java project,或是golang &amp; python 等test case ...nodejs是第一个搬到网站上的，后面准备把java的一个脚手架也发布到阿里云。具体的看阿里云给力不。目前好像还有内存。。。嘿嘿。顺便说下配置（2M -2G-100G)时间是一个月160多点，，好贵滴落。</p><p>使用Nginx做代理</p><p><br/></p><p>功能：<strong><span style=\"color:#92d050\">注册，登录，发表文章，编辑文章，关注用户，收藏，点赞，等功能</span></strong>。</p><p>使用第三方依赖：</p><p>&nbsp; &nbsp; &nbsp; &nbsp; &quot;express&quot;: &quot;4.8.3&quot;,</p><p>&nbsp; &nbsp; &nbsp; &nbsp; &quot;serve-favicon&quot;: &quot;2.0.1&quot;,</p><p>&nbsp; &nbsp; &nbsp; &nbsp; &quot;morgan&quot;: &quot;1.2.2&quot;,</p><p>&nbsp; &nbsp; &nbsp; &nbsp; &quot;cookie-parser&quot;: &quot;1.3.2&quot;,</p><p>&nbsp; &nbsp; &nbsp; &nbsp; &quot;body-parser&quot;: &quot;1.6.3&quot;,</p><p>&nbsp; &nbsp; &nbsp; &nbsp; &quot;connect-multiparty&quot;:&quot;1.2.1&quot;,</p><p>&nbsp; &nbsp; &nbsp; &nbsp; &quot;debug&quot;: &quot;1.0.4&quot;,</p><p>&nbsp; &nbsp; &nbsp; &nbsp; &quot;ejs&quot;: &quot;1.0.0&quot;,</p><p>&nbsp; &nbsp; &nbsp; &nbsp; &quot;mysql&quot;: &quot;2.4.2&quot;,</p><p>&nbsp; &nbsp; &nbsp; &nbsp; &quot;node-uuid&quot;: &quot;1.4.1&quot;,</p><p>&nbsp; &nbsp; &nbsp; &nbsp; &quot;async&quot;: &quot;0.9.0&quot;,</p><p>&nbsp; &nbsp; &nbsp; &nbsp; &quot;moment&quot;:&quot;2.8.1&quot;,</p><p>&nbsp; &nbsp; &nbsp; &nbsp; &quot;express-session&quot;:&quot;1.7.5&quot;,</p><p>&nbsp; &nbsp; &nbsp; &nbsp; &quot;nodemailer&quot;:&quot;1.1.1&quot;,</p><p>&nbsp; &nbsp; &nbsp; &nbsp; &quot;gm&quot;:&quot;1.16.0&quot;,</p><p>&nbsp; &nbsp; &nbsp; &nbsp; &quot;imagemagick&quot;:&quot;0.1.3&quot;,</p><p>&nbsp; &nbsp; &nbsp; &nbsp; &quot;graphicsmagick&quot;:&quot;*&quot;,</p><p>&nbsp; &nbsp; &nbsp; &nbsp; &quot;canvas&quot;:&quot;*&quot;</p><p>--------------------------------------------</p><p>PS:上传图片剪切还没搞定，GM转了报错。本人电脑win8.如果有大神知道就通知一声，谢谢。功能有BUG,请手下留情</p><p>（支持IE9以上、谷歌、火狐）</p>', null, '1', '92265c40-c6b3-11e3-abe4-43f71316187c', 'admin', '0', null, '1333', 'nodejs', 'Express4+MySQL5 简单博客 断断续续写的，时间没有统计。是去年年底了解NODEJS的。买了本MDB感觉不太喜欢就没读吧。都吹着说NOSQL,我只能说呵呵。这个博客基本功能有了，后面会继续写下去。前台包括后台都是自己写的，之前写过很多java project,或是golang & python 等test case ...nodejs是第一个搬到网站上的，后面准备把java的一个脚手架也发布到阿里云。具体的看阿里云给力不。目前好像还有内存。。。嘿嘿。顺便说下配置（2M -2G-100G)时间是一个月160多点，，好贵滴落。', '1');
INSERT INTO `t_ef_article` VALUES ('d64534e0-c2d1-11e3-bceb-83350fc580d2', '用Nodejs连接MySQL', 'nodejs', '2014-04-13 14:07:05', '2014-08-19 14:22:26', '<h2 style=\"font-family:\'Microsoft YaHei\', 微软雅黑, Helvetica, Tahoma, Arial, STXihei, 华文细黑, SimSun, 宋体, Heiti, 黑体, sans-serif;\">\r\n	前言：\r\n</h2>\r\n<p style=\"text-indent:2em;font-family:\'Microsoft YaHei\', 微软雅黑, Helvetica, Tahoma, Arial, STXihei, 华文细黑, SimSun, 宋体, Heiti, 黑体, sans-serif;font-size:16px;\">\r\n	MySQL是一款常用的开源数据库产品，通常也是免费数据库的首选。查了一下NPM列表，发现Nodejs有13库可以访问MySQL，felixge/node-mysql似乎是最受关注项目，我也决定尝试用一下。\r\n</p>\r\n<p style=\"text-indent:2em;font-family:\'Microsoft YaHei\', 微软雅黑, Helvetica, Tahoma, Arial, STXihei, 华文细黑, SimSun, 宋体, Heiti, 黑体, sans-serif;font-size:16px;\">\r\n	要注意名字，”felixge/node-mysql”非”node-mysql”，安装部分会介绍这个小插曲！\r\n</p>\r\n<h2 style=\"font-family:\'Microsoft YaHei\', 微软雅黑, Helvetica, Tahoma, Arial, STXihei, 华文细黑, SimSun, 宋体, Heiti, 黑体, sans-serif;\">\r\n	文章目录：\r\n</h2>\r\n<ol style=\"font-family:\'Microsoft YaHei\', 微软雅黑, Helvetica, Tahoma, Arial, STXihei, 华文细黑, SimSun, 宋体, Heiti, 黑体, sans-serif;font-size:16px;\">\r\n	<li>\r\n		node-mysql介绍\r\n	</li>\r\n	<li>\r\n		建立MySQL测试库\r\n	</li>\r\n	<li>\r\n		node-mysql安装\r\n	</li>\r\n	<li>\r\n		node-mysql使用\r\n	</li>\r\n</ol>\r\n<p style=\"text-indent:2em;font-family:\'Microsoft YaHei\', 微软雅黑, Helvetica, Tahoma, Arial, STXihei, 华文细黑, SimSun, 宋体, Heiti, 黑体, sans-serif;font-size:16px;\">\r\n	请查看博客文章\r\n</p>\r\n<p style=\"text-indent:2em;font-family:\'Microsoft YaHei\', 微软雅黑, Helvetica, Tahoma, Arial, STXihei, 华文细黑, SimSun, 宋体, Heiti, 黑体, sans-serif;font-size:16px;\">\r\n	<a href=\"http://blog.fens.me/nodejs-mysql-intro/\" target=\"_blank\">http://blog.fens.me/nodejs-mysql-intro/</a>\r\n</p>', null, '1', '92265c40-c6b3-11e3-abe4-43f71316187c', 'admin', '0', null, '41', '', null, '0');
INSERT INTO `t_ef_article` VALUES ('e1cd04f0-c2d1-11e3-bceb-83350fc580d2', 'Nodejs异步流程控制Async', 'nodejs', '2014-04-13 14:07:24', '2014-08-19 12:52:51', '<h2 style=\"font-family:\'Microsoft YaHei\', 微软雅黑, Helvetica, Tahoma, Arial, STXihei, 华文细黑, SimSun, 宋体, Heiti, 黑体, sans-serif;\">\r\n	前言：\r\n</h2>\r\n<p style=\"text-indent:2em;font-family:\'Microsoft YaHei\', 微软雅黑, Helvetica, Tahoma, Arial, STXihei, 华文细黑, SimSun, 宋体, Heiti, 黑体, sans-serif;font-size:16px;\">\r\n	Nodejs框架类库很多，功能相近的框架，本来只打算学一种写一种。之前写过流程控制框架windjs文章，本来是想着要支持一下“国人框架”。无奈啊，作者竟然放弃了维护，国人真的不靠谱啊！\r\n</p>\r\n<p style=\"text-indent:2em;font-family:\'Microsoft YaHei\', 微软雅黑, Helvetica, Tahoma, Arial, STXihei, 华文细黑, SimSun, 宋体, Heiti, 黑体, sans-serif;font-size:16px;\">\r\n	“流程控制”本来是件比较简单的事，但是由于Nodejs的异步架构的实现方法，对于需要同步的业务逻辑，实现起来就比较麻烦。嵌套3-4层，代码就会变得的支离破碎了！\r\n</p>\r\n<p style=\"text-indent:2em;font-family:\'Microsoft YaHei\', 微软雅黑, Helvetica, Tahoma, Arial, STXihei, 华文细黑, SimSun, 宋体, Heiti, 黑体, sans-serif;font-size:16px;\">\r\n	今天就遇到了一个业务逻辑，连续对数据库操作，前后有依赖。让我们看看Async是如何解决问题的。\r\n</p>\r\n<p style=\"text-indent:2em;font-family:\'Microsoft YaHei\', 微软雅黑, Helvetica, Tahoma, Arial, STXihei, 华文细黑, SimSun, 宋体, Heiti, 黑体, sans-serif;font-size:16px;\">\r\n	不用不知道，一用真强大！！\r\n</p>\r\n<h2 style=\"font-family:\'Microsoft YaHei\', 微软雅黑, Helvetica, Tahoma, Arial, STXihei, 华文细黑, SimSun, 宋体, Heiti, 黑体, sans-serif;\">\r\n	文章目录：\r\n</h2>\r\n<ol style=\"font-family:\'Microsoft YaHei\', 微软雅黑, Helvetica, Tahoma, Arial, STXihei, 华文细黑, SimSun, 宋体, Heiti, 黑体, sans-serif;font-size:16px;\">\r\n	<li>\r\n		Async介绍\r\n	</li>\r\n	<li>\r\n		Async安装\r\n	</li>\r\n	<li>\r\n		Async函数介绍\r\n	</li>\r\n	<li>\r\n		async_demo使用介绍\r\n	</li>\r\n	<li>\r\n		场景：对数据库的连续操作\r\n	</li>\r\n	<li>\r\n		async_demo我的分支\r\n	</li>\r\n</ol>\r\n<p style=\"text-indent:2em;font-family:\'Microsoft YaHei\', 微软雅黑, Helvetica, Tahoma, Arial, STXihei, 华文细黑, SimSun, 宋体, Heiti, 黑体, sans-serif;font-size:16px;\">\r\n	请查看博客文章\r\n</p>\r\n<p style=\"text-indent:2em;font-family:\'Microsoft YaHei\', 微软雅黑, Helvetica, Tahoma, Arial, STXihei, 华文细黑, SimSun, 宋体, Heiti, 黑体, sans-serif;font-size:16px;\">\r\n	<a href=\"http://blog.fens.me/nodejs-async/\" target=\"_blank\">http://blog.fens.me/nodejs-async/</a>\r\n</p>', null, '1', '92265c40-c6b3-11e3-abe4-43f71316187c', 'admin', '0', null, '28', '', null, '0');
INSERT INTO `t_ef_article` VALUES ('ee59a110-2fcd-11e4-ab83-21f40f2f1413', '使用了一把node-webkit,感觉不错。', 'nodejs', '2014-08-30 06:43:44', '2014-08-30 06:43:44', '<p>使用了一把node-webkit,感觉不错。</p><p>但是在win8.1 有时候会崩溃，可能不太稳定吧。</p><p>如果非要做点东西，可以做演示网站，或是一些app吧。</p><p><br/></p><p>感觉Node-webkit也只是一个测试项目，，希望以后会有很多发展。</p>', null, '1', '92265c40-c6b3-11e3-abe4-43f71316187c', 'admin', '0', null, '4', '', '使用了一把node-webkit,感觉不错。', '0');
INSERT INTO `t_ef_article` VALUES ('f9865de0-07c2-11e4-a25b-e7c9caab850c', '如何当好一个项目经理', 'bcgw', '2014-07-10 07:44:32', '2014-08-20 07:32:11', '<p>如何当好一个项目经理，我一直在想这个问题。</p><p>这也是我主要欠缺的，</p><p><br/></p><p>我认识一个叫张 雄军的。</p>', null, '1', '92265c40-c6b3-11e3-abe4-43f71316187c', 'admin', '0', null, '114', '', '如何当好一个项目经理', '0');

-- ----------------------------
-- Table structure for t_ef_user
-- ----------------------------
DROP TABLE IF EXISTS `t_ef_user`;
CREATE TABLE `t_ef_user` (
  `id_` varchar(50) NOT NULL,
  `username` varchar(50) DEFAULT NULL COMMENT '用户名',
  `password` varchar(50) DEFAULT NULL COMMENT '密码',
  `sex` varchar(2) DEFAULT NULL COMMENT '性别',
  `status` varchar(2) DEFAULT NULL COMMENT '状态',
  `role` varchar(2) DEFAULT NULL COMMENT '用户类型 1管理员 2会员',
  `email` varchar(50) DEFAULT NULL COMMENT '邮箱地址',
  `integral` int(11) DEFAULT '0' COMMENT '用户积分',
  `desc` varchar(500) DEFAULT NULL COMMENT '个人简介',
  `lastlogintime` datetime DEFAULT NULL COMMENT '最后登录时间',
  `registertime` datetime DEFAULT NULL COMMENT '注册时间',
  `lastloginip` varchar(20) DEFAULT NULL,
  `updated` datetime DEFAULT NULL COMMENT '更新日期',
  PRIMARY KEY (`id_`)
) ENGINE=InnoDB DEFAULT CHARSET=utf8 COMMENT='用户信息表';

-- ----------------------------
-- Records of t_ef_user
-- ----------------------------
INSERT INTO `t_ef_user` VALUES ('1536fba0-0c1c-11e4-ad26-09030b3b7746', 'a11900119', 'ad8020b0f5557169b8e629d2e0c29b37c51f62d7', null, '1', '2', '232323@qq.com', '0', '无说明，特优秀', '2014-07-15 20:32:41', '2014-07-15 20:32:28', null, null);
INSERT INTO `t_ef_user` VALUES ('17cc6df0-2512-11e4-8841-25fade088f59', 'eric', '895b317c76b8e504c2fb32dbb4420178f60ce321', null, '1', '2', 'eric@qq.com', '0', '无说明，特优秀', null, '2014-08-16 14:53:57', null, null);
INSERT INTO `t_ef_user` VALUES ('67a5b830-1c76-11e4-88a6-9308e8ec8851', 'nodejsfans', '461336ddd806fc0277404cb932adab4b615af61d', null, '1', '2', 'nodejsfans@sina.com', '0', '无说明，特优秀', '2014-08-05 15:59:26', '2014-08-05 15:59:20', null, null);
INSERT INTO `t_ef_user` VALUES ('77808370-24e1-11e4-8841-25fade088f59', 'gg', 'f953abd51c33d158f46e9034b1937b3c3890b0cc', null, '1', '2', 'f@q.com', '0', '无说明，特优秀', '2014-08-16 09:06:31', '2014-08-16 09:05:52', '115.28.88.243', null);
INSERT INTO `t_ef_user` VALUES ('90c2f4c0-2573-11e4-8841-25fade088f59', 'sizmoj', '7c4a8d09ca3762af61e59520943dc26494f8941b', null, '1', '2', 'ewqewq@dsa.com', '0', '无说明，特优秀', null, '2014-08-17 02:31:41', null, null);
INSERT INTO `t_ef_user` VALUES ('92265c40-c6b3-11e3-abe4-43f71316187c', 'admin', 'a94a8fe5ccb19ba61c4c0873d391e987982fbbd3', null, '1', '1', 'tangdu0228yes@163.com', '0', '喜欢你，我是一只鱼', '2014-11-11 22:33:30', '2014-04-18 12:40:30', '127.0.0.1', null);
INSERT INTO `t_ef_user` VALUES ('96ba5110-24de-11e4-8841-25fade088f59', '<script>alert(\'hi\')</script>', '8b99d55a3f7fa67311dbc85b68027394d6bce9ed', null, '1', '2', 'adsfasdf@asda.com', '0', '无说明，特优秀', '2014-08-16 08:45:31', '2014-08-16 08:45:16', '115.28.88.243', null);
INSERT INTO `t_ef_user` VALUES ('c72c1750-121b-11e4-9a0a-6751b016ecfa', 'allenlee', '2c4e2589137dbdd1ddf185b3a739c85fb9d49d0d', null, '1', '2', '141736027@qq.com', '0', '无说明，特优秀', '2014-07-23 11:45:40', '2014-07-23 11:45:24', null, null);
INSERT INTO `t_ef_user` VALUES ('ccd666c0-301f-11e4-ab83-21f40f2f1413', '啊啊啊', '7d60ede675bdd06968021408b630ce3f83bae86e', null, '1', '2', '234@qq.com', '0', '无说明，特优秀', '2014-08-30 16:30:13', '2014-08-30 16:29:47', '117.136.9.140', null);
INSERT INTO `t_ef_user` VALUES ('d094b550-228c-11e4-b691-11967256bace', '云淡风轻', 'fbcf97db17c52cd6f4d419a64240a41d0a9252ed', null, '1', '2', '1060749186@qq.com', '0', '无说明，特优秀', '2014-08-13 09:55:20', '2014-08-13 09:54:52', null, null);
INSERT INTO `t_ef_user` VALUES ('d70c1580-0447-11e4-8dc0-09ba4baecd02', 'tangsi', '5d9d04bc4972ae53ea2c79887cbfe30d6c04d1fd', null, '1', '2', 'tangside163@163.com', '0', '我是2B', '2014-07-05 21:25:50', '2014-07-05 21:25:33', null, null);
INSERT INTO `t_ef_user` VALUES ('e1c00a30-2298-11e4-b691-11967256bace', 'zml0506', 'ae904576ec4bcc50672e51c02adda146913554ba', null, '1', '2', 'zml0506@qq.com', '0', '无说明，特优秀', '2014-08-13 11:21:27', '2014-08-13 11:21:15', null, null);
INSERT INTO `t_ef_user` VALUES ('e983ae90-2683-11e4-8841-25fade088f59', 'admins', 'c5a2dc3dcb24a8c9c790110e437b2a1960cba13e', null, '1', '2', 'admins@admins.admins', '0', '无说明，特优秀', '2014-08-18 17:15:17', '2014-08-18 11:01:13', '115.28.88.243', null);
INSERT INTO `t_ef_user` VALUES ('eaf08a50-f8f7-11e3-88b3-29ce15a223c1', 'test', 'a94a8fe5ccb19ba61c4c0873d391e987982fbbd3', null, '1', '2', 'tangdu0228yes@163.com', '0', '我是2B', '2014-08-15 07:50:35', '2014-06-21 11:55:43', '115.28.88.243', null);
INSERT INTO `t_ef_user` VALUES ('f929d5d0-2cec-11e4-ab83-21f40f2f1413', '111', '6216f8a75fd5bb3d5f22b6f9958cdede3fc086c2', null, '1', '2', '111@qq.com', '0', '无说明，特优秀', '2014-08-26 14:48:32', '2014-08-26 14:48:23', '115.198.232.240', null);

-- ----------------------------
-- Table structure for t_ef_user_attention
-- ----------------------------
DROP TABLE IF EXISTS `t_ef_user_attention`;
CREATE TABLE `t_ef_user_attention` (
  `id_` varchar(50) NOT NULL,
  `userid` varchar(50) DEFAULT NULL,
  `relid` varchar(50) DEFAULT NULL,
  `type` varchar(2) DEFAULT NULL,
  `operationtime` datetime DEFAULT NULL,
  PRIMARY KEY (`id_`)
) ENGINE=InnoDB DEFAULT CHARSET=utf8 COMMENT='用户关注表、文章收藏表\r\ntype=1 用户关注用户表\r\ntype=2 用户收藏文章表';

-- ----------------------------
-- Records of t_ef_user_attention
-- ----------------------------
INSERT INTO `t_ef_user_attention` VALUES ('07db3250-3020-11e4-ab83-21f40f2f1413', 'ccd666c0-301f-11e4-ab83-21f40f2f1413', '284d49e0-221c-11e4-8cab-33fcae3d303a', '2', '2014-08-30 16:31:26');
INSERT INTO `t_ef_user_attention` VALUES ('089581a0-3020-11e4-ab83-21f40f2f1413', 'ccd666c0-301f-11e4-ab83-21f40f2f1413', '284d49e0-221c-11e4-8cab-33fcae3d303a', '2', '2014-08-30 16:31:27');
INSERT INTO `t_ef_user_attention` VALUES ('089e8250-3020-11e4-ab83-21f40f2f1413', 'ccd666c0-301f-11e4-ab83-21f40f2f1413', '284d49e0-221c-11e4-8cab-33fcae3d303a', '2', '2014-08-30 16:31:27');
INSERT INTO `t_ef_user_attention` VALUES ('09314c70-3020-11e4-ab83-21f40f2f1413', 'ccd666c0-301f-11e4-ab83-21f40f2f1413', '284d49e0-221c-11e4-8cab-33fcae3d303a', '2', '2014-08-30 16:31:28');
INSERT INTO `t_ef_user_attention` VALUES ('093a7430-3020-11e4-ab83-21f40f2f1413', 'ccd666c0-301f-11e4-ab83-21f40f2f1413', '284d49e0-221c-11e4-8cab-33fcae3d303a', '2', '2014-08-30 16:31:28');
INSERT INTO `t_ef_user_attention` VALUES ('0a03b7a0-3020-11e4-ab83-21f40f2f1413', 'ccd666c0-301f-11e4-ab83-21f40f2f1413', '284d49e0-221c-11e4-8cab-33fcae3d303a', '2', '2014-08-30 16:31:29');
INSERT INTO `t_ef_user_attention` VALUES ('0a0c6a30-3020-11e4-ab83-21f40f2f1413', 'ccd666c0-301f-11e4-ab83-21f40f2f1413', '284d49e0-221c-11e4-8cab-33fcae3d303a', '2', '2014-08-30 16:31:29');
INSERT INTO `t_ef_user_attention` VALUES ('0be2b0d0-3020-11e4-ab83-21f40f2f1413', 'ccd666c0-301f-11e4-ab83-21f40f2f1413', '284d49e0-221c-11e4-8cab-33fcae3d303a', '2', '2014-08-30 16:31:32');
INSERT INTO `t_ef_user_attention` VALUES ('0c015c60-3020-11e4-ab83-21f40f2f1413', 'ccd666c0-301f-11e4-ab83-21f40f2f1413', '284d49e0-221c-11e4-8cab-33fcae3d303a', '2', '2014-08-30 16:31:33');
INSERT INTO `t_ef_user_attention` VALUES ('0c264980-3020-11e4-ab83-21f40f2f1413', 'ccd666c0-301f-11e4-ab83-21f40f2f1413', '284d49e0-221c-11e4-8cab-33fcae3d303a', '2', '2014-08-30 16:31:33');
INSERT INTO `t_ef_user_attention` VALUES ('0d0dea60-3020-11e4-ab83-21f40f2f1413', 'ccd666c0-301f-11e4-ab83-21f40f2f1413', '284d49e0-221c-11e4-8cab-33fcae3d303a', '2', '2014-08-30 16:31:34');
INSERT INTO `t_ef_user_attention` VALUES ('0d5a0e90-3020-11e4-ab83-21f40f2f1413', 'ccd666c0-301f-11e4-ab83-21f40f2f1413', '284d49e0-221c-11e4-8cab-33fcae3d303a', '2', '2014-08-30 16:31:35');
INSERT INTO `t_ef_user_attention` VALUES ('0d7ead90-3020-11e4-ab83-21f40f2f1413', 'ccd666c0-301f-11e4-ab83-21f40f2f1413', '284d49e0-221c-11e4-8cab-33fcae3d303a', '2', '2014-08-30 16:31:35');
INSERT INTO `t_ef_user_attention` VALUES ('0da94000-3020-11e4-ab83-21f40f2f1413', 'ccd666c0-301f-11e4-ab83-21f40f2f1413', '284d49e0-221c-11e4-8cab-33fcae3d303a', '2', '2014-08-30 16:31:35');
INSERT INTO `t_ef_user_attention` VALUES ('1cedd4f0-fed3-11e3-9db2-8159031540c9', 'eaf08a50-f8f7-11e3-88b3-29ce15a223c1', '23260e60-fe8c-11e3-86c5-2fff3f4ee3ad', '2', '2014-06-28 22:47:23');
INSERT INTO `t_ef_user_attention` VALUES ('1e105bf0-fed3-11e3-9db2-8159031540c9', 'eaf08a50-f8f7-11e3-88b3-29ce15a223c1', '92265c40-c6b3-11e3-abe4-43f71316187c', '1', '2014-06-28 22:47:25');
INSERT INTO `t_ef_user_attention` VALUES ('1ee0f260-fed3-11e3-9db2-8159031540c9', 'eaf08a50-f8f7-11e3-88b3-29ce15a223c1', '92265c40-c6b3-11e3-abe4-43f71316187c', '1', '2014-06-28 22:47:26');
INSERT INTO `t_ef_user_attention` VALUES ('1f9b8fd0-fed3-11e3-9db2-8159031540c9', 'eaf08a50-f8f7-11e3-88b3-29ce15a223c1', '92265c40-c6b3-11e3-abe4-43f71316187c', '1', '2014-06-28 22:47:27');
INSERT INTO `t_ef_user_attention` VALUES ('256bb8a0-2cef-11e4-ab83-21f40f2f1413', 'f929d5d0-2cec-11e4-ab83-21f40f2f1413', '3fbd2920-2b35-11e4-9d6a-89814f6d0063', '2', '2014-08-26 15:03:56');
INSERT INTO `t_ef_user_attention` VALUES ('26ee39f0-2cef-11e4-ab83-21f40f2f1413', 'f929d5d0-2cec-11e4-ab83-21f40f2f1413', '3fbd2920-2b35-11e4-9d6a-89814f6d0063', '2', '2014-08-26 15:03:59');
INSERT INTO `t_ef_user_attention` VALUES ('275b53a0-2cef-11e4-ab83-21f40f2f1413', 'f929d5d0-2cec-11e4-ab83-21f40f2f1413', '3fbd2920-2b35-11e4-9d6a-89814f6d0063', '2', '2014-08-26 15:04:00');
INSERT INTO `t_ef_user_attention` VALUES ('277655b0-2cef-11e4-ab83-21f40f2f1413', 'f929d5d0-2cec-11e4-ab83-21f40f2f1413', '3fbd2920-2b35-11e4-9d6a-89814f6d0063', '2', '2014-08-26 15:04:00');
INSERT INTO `t_ef_user_attention` VALUES ('278d8730-2cef-11e4-ab83-21f40f2f1413', 'f929d5d0-2cec-11e4-ab83-21f40f2f1413', '3fbd2920-2b35-11e4-9d6a-89814f6d0063', '2', '2014-08-26 15:04:00');
INSERT INTO `t_ef_user_attention` VALUES ('439f70e0-f8f7-11e3-88b3-29ce15a223c1', '92265c40-c6b3-11e3-abe4-43f71316187c', '141c0c30-c2d2-11e3-bceb-83350fc580d2', '2', '2014-06-21 11:51:03');
INSERT INTO `t_ef_user_attention` VALUES ('4514abc0-f8f7-11e3-88b3-29ce15a223c1', '92265c40-c6b3-11e3-abe4-43f71316187c', '141c0c30-c2d2-11e3-bceb-83350fc580d2', '2', '2014-06-21 11:51:05');
INSERT INTO `t_ef_user_attention` VALUES ('52b4eee0-2686-11e4-8841-25fade088f59', 'e983ae90-2683-11e4-8841-25fade088f59', '92265c40-c6b3-11e3-abe4-43f71316187c', '1', '2014-08-18 11:18:28');
INSERT INTO `t_ef_user_attention` VALUES ('53024b90-2686-11e4-8841-25fade088f59', 'e983ae90-2683-11e4-8841-25fade088f59', '92265c40-c6b3-11e3-abe4-43f71316187c', '1', '2014-08-18 11:18:29');
INSERT INTO `t_ef_user_attention` VALUES ('5337da80-2686-11e4-8841-25fade088f59', 'e983ae90-2683-11e4-8841-25fade088f59', '92265c40-c6b3-11e3-abe4-43f71316187c', '1', '2014-08-18 11:18:29');
INSERT INTO `t_ef_user_attention` VALUES ('5385fa80-2686-11e4-8841-25fade088f59', 'e983ae90-2683-11e4-8841-25fade088f59', '92265c40-c6b3-11e3-abe4-43f71316187c', '1', '2014-08-18 11:18:30');
INSERT INTO `t_ef_user_attention` VALUES ('53b1ec80-2686-11e4-8841-25fade088f59', 'e983ae90-2683-11e4-8841-25fade088f59', '92265c40-c6b3-11e3-abe4-43f71316187c', '1', '2014-08-18 11:18:30');
INSERT INTO `t_ef_user_attention` VALUES ('540e8b70-2686-11e4-8841-25fade088f59', 'e983ae90-2683-11e4-8841-25fade088f59', '92265c40-c6b3-11e3-abe4-43f71316187c', '1', '2014-08-18 11:18:31');
INSERT INTO `t_ef_user_attention` VALUES ('54c81770-2686-11e4-8841-25fade088f59', 'e983ae90-2683-11e4-8841-25fade088f59', '92265c40-c6b3-11e3-abe4-43f71316187c', '1', '2014-08-18 11:18:32');
INSERT INTO `t_ef_user_attention` VALUES ('5580e020-2686-11e4-8841-25fade088f59', 'e983ae90-2683-11e4-8841-25fade088f59', '92265c40-c6b3-11e3-abe4-43f71316187c', '1', '2014-08-18 11:18:33');
INSERT INTO `t_ef_user_attention` VALUES ('566f5ed0-2686-11e4-8841-25fade088f59', 'e983ae90-2683-11e4-8841-25fade088f59', '92265c40-c6b3-11e3-abe4-43f71316187c', '1', '2014-08-18 11:18:35');
INSERT INTO `t_ef_user_attention` VALUES ('572149b0-2686-11e4-8841-25fade088f59', 'e983ae90-2683-11e4-8841-25fade088f59', '92265c40-c6b3-11e3-abe4-43f71316187c', '1', '2014-08-18 11:18:36');
INSERT INTO `t_ef_user_attention` VALUES ('57494410-2686-11e4-8841-25fade088f59', 'e983ae90-2683-11e4-8841-25fade088f59', '92265c40-c6b3-11e3-abe4-43f71316187c', '1', '2014-08-18 11:18:36');
INSERT INTO `t_ef_user_attention` VALUES ('5784ed80-2686-11e4-8841-25fade088f59', 'e983ae90-2683-11e4-8841-25fade088f59', '92265c40-c6b3-11e3-abe4-43f71316187c', '1', '2014-08-18 11:18:36');
INSERT INTO `t_ef_user_attention` VALUES ('57a19d40-2686-11e4-8841-25fade088f59', 'e983ae90-2683-11e4-8841-25fade088f59', '92265c40-c6b3-11e3-abe4-43f71316187c', '1', '2014-08-18 11:18:37');
INSERT INTO `t_ef_user_attention` VALUES ('5fc5a110-d190-11e3-aed4-93746a589182', '92265c40-c6b3-11e3-abe4-43f71316187c', '141c0c30-c2d2-11e3-bceb-83350fc580d2', '2', '2014-05-02 08:26:16');
INSERT INTO `t_ef_user_attention` VALUES ('67b4d3c0-2684-11e4-8841-25fade088f59', 'e983ae90-2683-11e4-8841-25fade088f59', '07e82cf0-24e3-11e4-8841-25fade088f59', '2', '2014-08-18 11:04:45');
INSERT INTO `t_ef_user_attention` VALUES ('68210310-2684-11e4-8841-25fade088f59', 'e983ae90-2683-11e4-8841-25fade088f59', '07e82cf0-24e3-11e4-8841-25fade088f59', '2', '2014-08-18 11:04:45');
INSERT INTO `t_ef_user_attention` VALUES ('6846b380-2684-11e4-8841-25fade088f59', 'e983ae90-2683-11e4-8841-25fade088f59', '07e82cf0-24e3-11e4-8841-25fade088f59', '2', '2014-08-18 11:04:45');
INSERT INTO `t_ef_user_attention` VALUES ('6864c2d0-2684-11e4-8841-25fade088f59', 'e983ae90-2683-11e4-8841-25fade088f59', '07e82cf0-24e3-11e4-8841-25fade088f59', '2', '2014-08-18 11:04:46');
INSERT INTO `t_ef_user_attention` VALUES ('688235e0-2684-11e4-8841-25fade088f59', 'e983ae90-2683-11e4-8841-25fade088f59', '07e82cf0-24e3-11e4-8841-25fade088f59', '2', '2014-08-18 11:04:46');
INSERT INTO `t_ef_user_attention` VALUES ('68987d00-2684-11e4-8841-25fade088f59', 'e983ae90-2683-11e4-8841-25fade088f59', '07e82cf0-24e3-11e4-8841-25fade088f59', '2', '2014-08-18 11:04:46');
INSERT INTO `t_ef_user_attention` VALUES ('68b3a620-2684-11e4-8841-25fade088f59', 'e983ae90-2683-11e4-8841-25fade088f59', '07e82cf0-24e3-11e4-8841-25fade088f59', '2', '2014-08-18 11:04:46');
INSERT INTO `t_ef_user_attention` VALUES ('68d47490-2684-11e4-8841-25fade088f59', 'e983ae90-2683-11e4-8841-25fade088f59', '07e82cf0-24e3-11e4-8841-25fade088f59', '2', '2014-08-18 11:04:46');
INSERT INTO `t_ef_user_attention` VALUES ('68f34730-2684-11e4-8841-25fade088f59', 'e983ae90-2683-11e4-8841-25fade088f59', '07e82cf0-24e3-11e4-8841-25fade088f59', '2', '2014-08-18 11:04:47');
INSERT INTO `t_ef_user_attention` VALUES ('6911f2c0-2684-11e4-8841-25fade088f59', 'e983ae90-2683-11e4-8841-25fade088f59', '07e82cf0-24e3-11e4-8841-25fade088f59', '2', '2014-08-18 11:04:47');
INSERT INTO `t_ef_user_attention` VALUES ('693188b0-2684-11e4-8841-25fade088f59', 'e983ae90-2683-11e4-8841-25fade088f59', '07e82cf0-24e3-11e4-8841-25fade088f59', '2', '2014-08-18 11:04:47');
INSERT INTO `t_ef_user_attention` VALUES ('69832b20-2684-11e4-8841-25fade088f59', 'e983ae90-2683-11e4-8841-25fade088f59', '07e82cf0-24e3-11e4-8841-25fade088f59', '2', '2014-08-18 11:04:48');
INSERT INTO `t_ef_user_attention` VALUES ('699f1790-2684-11e4-8841-25fade088f59', 'e983ae90-2683-11e4-8841-25fade088f59', '07e82cf0-24e3-11e4-8841-25fade088f59', '2', '2014-08-18 11:04:48');
INSERT INTO `t_ef_user_attention` VALUES ('69b9f290-2684-11e4-8841-25fade088f59', 'e983ae90-2683-11e4-8841-25fade088f59', '07e82cf0-24e3-11e4-8841-25fade088f59', '2', '2014-08-18 11:04:48');
INSERT INTO `t_ef_user_attention` VALUES ('69d8c530-2684-11e4-8841-25fade088f59', 'e983ae90-2683-11e4-8841-25fade088f59', '07e82cf0-24e3-11e4-8841-25fade088f59', '2', '2014-08-18 11:04:48');
INSERT INTO `t_ef_user_attention` VALUES ('69f17d50-2684-11e4-8841-25fade088f59', 'e983ae90-2683-11e4-8841-25fade088f59', '07e82cf0-24e3-11e4-8841-25fade088f59', '2', '2014-08-18 11:04:48');
INSERT INTO `t_ef_user_attention` VALUES ('6a0ccd80-2684-11e4-8841-25fade088f59', 'e983ae90-2683-11e4-8841-25fade088f59', '07e82cf0-24e3-11e4-8841-25fade088f59', '2', '2014-08-18 11:04:48');
INSERT INTO `t_ef_user_attention` VALUES ('6a27f6a0-2684-11e4-8841-25fade088f59', 'e983ae90-2683-11e4-8841-25fade088f59', '07e82cf0-24e3-11e4-8841-25fade088f59', '2', '2014-08-18 11:04:49');
INSERT INTO `t_ef_user_attention` VALUES ('6a41c030-2684-11e4-8841-25fade088f59', 'e983ae90-2683-11e4-8841-25fade088f59', '07e82cf0-24e3-11e4-8841-25fade088f59', '2', '2014-08-18 11:04:49');
INSERT INTO `t_ef_user_attention` VALUES ('6a5b89c0-2684-11e4-8841-25fade088f59', 'e983ae90-2683-11e4-8841-25fade088f59', '07e82cf0-24e3-11e4-8841-25fade088f59', '2', '2014-08-18 11:04:49');
INSERT INTO `t_ef_user_attention` VALUES ('6c130430-0129-11e4-a738-9b7a89275f36', '92265c40-c6b3-11e3-abe4-43f71316187c', '23260e60-fe8c-11e3-86c5-2fff3f4ee3ad', '2', '2014-07-01 22:10:15');
INSERT INTO `t_ef_user_attention` VALUES ('6dda7750-2684-11e4-8841-25fade088f59', 'e983ae90-2683-11e4-8841-25fade088f59', '07e82cf0-24e3-11e4-8841-25fade088f59', '2', '2014-08-18 11:04:55');
INSERT INTO `t_ef_user_attention` VALUES ('6df83880-2684-11e4-8841-25fade088f59', 'e983ae90-2683-11e4-8841-25fade088f59', '07e82cf0-24e3-11e4-8841-25fade088f59', '2', '2014-08-18 11:04:55');
INSERT INTO `t_ef_user_attention` VALUES ('6e150f50-2684-11e4-8841-25fade088f59', 'e983ae90-2683-11e4-8841-25fade088f59', '07e82cf0-24e3-11e4-8841-25fade088f59', '2', '2014-08-18 11:04:55');
INSERT INTO `t_ef_user_attention` VALUES ('6e30fbc0-2684-11e4-8841-25fade088f59', 'e983ae90-2683-11e4-8841-25fade088f59', '07e82cf0-24e3-11e4-8841-25fade088f59', '2', '2014-08-18 11:04:55');
INSERT INTO `t_ef_user_attention` VALUES ('6e4b88a0-2684-11e4-8841-25fade088f59', 'e983ae90-2683-11e4-8841-25fade088f59', '07e82cf0-24e3-11e4-8841-25fade088f59', '2', '2014-08-18 11:04:56');
INSERT INTO `t_ef_user_attention` VALUES ('6e69bf00-2684-11e4-8841-25fade088f59', 'e983ae90-2683-11e4-8841-25fade088f59', '07e82cf0-24e3-11e4-8841-25fade088f59', '2', '2014-08-18 11:04:56');
INSERT INTO `t_ef_user_attention` VALUES ('6e805440-2684-11e4-8841-25fade088f59', 'e983ae90-2683-11e4-8841-25fade088f59', '07e82cf0-24e3-11e4-8841-25fade088f59', '2', '2014-08-18 11:04:56');
INSERT INTO `t_ef_user_attention` VALUES ('800e97f0-d191-11e3-9d96-715e1f797a5f', '92265c40-c6b3-11e3-abe4-43f71316187c', '141c0c30-c2d2-11e3-bceb-83350fc580d2', '2', '2014-05-02 08:34:20');
INSERT INTO `t_ef_user_attention` VALUES ('8212cc60-d191-11e3-9d96-715e1f797a5f', '92265c40-c6b3-11e3-abe4-43f71316187c', '141c0c30-c2d2-11e3-bceb-83350fc580d2', '2', '2014-05-02 08:34:23');
INSERT INTO `t_ef_user_attention` VALUES ('827ed4a0-d191-11e3-9d96-715e1f797a5f', '92265c40-c6b3-11e3-abe4-43f71316187c', '141c0c30-c2d2-11e3-bceb-83350fc580d2', '2', '2014-05-02 08:34:24');
INSERT INTO `t_ef_user_attention` VALUES ('83c23d00-0c1c-11e4-ad26-09030b3b7746', '1536fba0-0c1c-11e4-ad26-09030b3b7746', 'd49359b0-040d-11e4-80c0-3f879252e9e6', '2', '2014-07-15 20:35:34');
INSERT INTO `t_ef_user_attention` VALUES ('97796730-fed2-11e3-9db2-8159031540c9', 'eaf08a50-f8f7-11e3-88b3-29ce15a223c1', '23260e60-fe8c-11e3-86c5-2fff3f4ee3ad', '2', '2014-06-28 22:43:39');
INSERT INTO `t_ef_user_attention` VALUES ('99727990-d197-11e3-a202-89dd83b5fb2f', '92265c40-c6b3-11e3-abe4-43f71316187c', '1f16b770-c2d2-11e3-bceb-83350fc580d2', '2', '2014-05-02 09:18:00');
INSERT INTO `t_ef_user_attention` VALUES ('abf57c10-5672-11e4-ba87-43e7183269ac', '92265c40-c6b3-11e3-abe4-43f71316187c', '3fbd2920-2b35-11e4-9d6a-89814f6d0063', '2', '2014-10-18 10:58:43');
INSERT INTO `t_ef_user_attention` VALUES ('b51b3ef0-d199-11e3-a8f1-6d8ffb673e5e', '92265c40-c6b3-11e3-abe4-43f71316187c', '1f16b770-c2d2-11e3-bceb-83350fc580d2', '2', '2014-05-02 09:33:05');
INSERT INTO `t_ef_user_attention` VALUES ('b6052e50-24de-11e4-8841-25fade088f59', '96ba5110-24de-11e4-8841-25fade088f59', '92265c40-c6b3-11e3-abe4-43f71316187c', '1', '2014-08-16 08:46:08');
INSERT INTO `t_ef_user_attention` VALUES ('b6b21020-24de-11e4-8841-25fade088f59', '96ba5110-24de-11e4-8841-25fade088f59', '92265c40-c6b3-11e3-abe4-43f71316187c', '1', '2014-08-16 08:46:09');
INSERT INTO `t_ef_user_attention` VALUES ('b774f8f0-f370-11e3-86e5-df0b23967598', '92265c40-c6b3-11e3-abe4-43f71316187c', '141c0c30-c2d2-11e3-bceb-83350fc580d2', '2', '2014-06-14 11:05:19');
INSERT INTO `t_ef_user_attention` VALUES ('b7951d20-24de-11e4-8841-25fade088f59', '96ba5110-24de-11e4-8841-25fade088f59', '92265c40-c6b3-11e3-abe4-43f71316187c', '1', '2014-08-16 08:46:11');
INSERT INTO `t_ef_user_attention` VALUES ('b800fe50-24de-11e4-8841-25fade088f59', '96ba5110-24de-11e4-8841-25fade088f59', '92265c40-c6b3-11e3-abe4-43f71316187c', '1', '2014-08-16 08:46:12');
INSERT INTO `t_ef_user_attention` VALUES ('b827c030-24de-11e4-8841-25fade088f59', '96ba5110-24de-11e4-8841-25fade088f59', '92265c40-c6b3-11e3-abe4-43f71316187c', '1', '2014-08-16 08:46:12');
INSERT INTO `t_ef_user_attention` VALUES ('b847f260-24de-11e4-8841-25fade088f59', '96ba5110-24de-11e4-8841-25fade088f59', '92265c40-c6b3-11e3-abe4-43f71316187c', '1', '2014-08-16 08:46:12');
INSERT INTO `t_ef_user_attention` VALUES ('b8642cf0-24de-11e4-8841-25fade088f59', '96ba5110-24de-11e4-8841-25fade088f59', '92265c40-c6b3-11e3-abe4-43f71316187c', '1', '2014-08-16 08:46:12');
INSERT INTO `t_ef_user_attention` VALUES ('c15cf430-c698-11e3-8d4c-ed867d440cde', '92265c40-c6b3-11e3-abe4-43f71316187c', '141c0c30-c2d2-11e3-bceb-83350fc580d2', '2', '2014-04-18 09:28:33');
INSERT INTO `t_ef_user_attention` VALUES ('c7b17730-24e3-11e4-8841-25fade088f59', '77808370-24e1-11e4-8841-25fade088f59', '07e82cf0-24e3-11e4-8841-25fade088f59', '2', '2014-08-16 09:22:25');
INSERT INTO `t_ef_user_attention` VALUES ('cce546c0-0420-11e4-b5c7-d37afe9038c7', '92265c40-c6b3-11e3-abe4-43f71316187c', '837fc450-fada-11e3-8c01-352a2d662b0b', '2', '2014-07-05 16:46:05');
INSERT INTO `t_ef_user_attention` VALUES ('cf8cf5d0-d199-11e3-b78a-419f0cccfdcd', '92265c40-c6b3-11e3-abe4-43f71316187c', '1f16b770-c2d2-11e3-bceb-83350fc580d2', '2', '2014-05-02 09:33:49');
INSERT INTO `t_ef_user_attention` VALUES ('cffaabc0-d199-11e3-b78a-419f0cccfdcd', '92265c40-c6b3-11e3-abe4-43f71316187c', '1f16b770-c2d2-11e3-bceb-83350fc580d2', '2', '2014-05-02 09:33:50');
INSERT INTO `t_ef_user_attention` VALUES ('cffce7c0-2471-11e4-8841-25fade088f59', '92265c40-c6b3-11e3-abe4-43f71316187c', '91fe9440-240e-11e4-8841-25fade088f59', '2', '2014-08-15 19:46:37');
INSERT INTO `t_ef_user_attention` VALUES ('d0a01380-d199-11e3-b78a-419f0cccfdcd', '92265c40-c6b3-11e3-abe4-43f71316187c', '1f16b770-c2d2-11e3-bceb-83350fc580d2', '2', '2014-05-02 09:33:51');
INSERT INTO `t_ef_user_attention` VALUES ('d1482c70-2471-11e4-8841-25fade088f59', '92265c40-c6b3-11e3-abe4-43f71316187c', 'eaf08a50-f8f7-11e3-88b3-29ce15a223c1', '1', '2014-08-15 19:46:39');
INSERT INTO `t_ef_user_attention` VALUES ('d1646700-2471-11e4-8841-25fade088f59', '92265c40-c6b3-11e3-abe4-43f71316187c', 'eaf08a50-f8f7-11e3-88b3-29ce15a223c1', '1', '2014-08-15 19:46:39');
INSERT INTO `t_ef_user_attention` VALUES ('d1786430-2471-11e4-8841-25fade088f59', '92265c40-c6b3-11e3-abe4-43f71316187c', 'eaf08a50-f8f7-11e3-88b3-29ce15a223c1', '1', '2014-08-15 19:46:39');
INSERT INTO `t_ef_user_attention` VALUES ('d1cd13e0-2471-11e4-8841-25fade088f59', '92265c40-c6b3-11e3-abe4-43f71316187c', 'eaf08a50-f8f7-11e3-88b3-29ce15a223c1', '1', '2014-08-15 19:46:40');
INSERT INTO `t_ef_user_attention` VALUES ('d2306990-2471-11e4-8841-25fade088f59', '92265c40-c6b3-11e3-abe4-43f71316187c', 'eaf08a50-f8f7-11e3-88b3-29ce15a223c1', '1', '2014-08-15 19:46:40');
INSERT INTO `t_ef_user_attention` VALUES ('d25a11a0-2471-11e4-8841-25fade088f59', '92265c40-c6b3-11e3-abe4-43f71316187c', 'eaf08a50-f8f7-11e3-88b3-29ce15a223c1', '1', '2014-08-15 19:46:41');
INSERT INTO `t_ef_user_attention` VALUES ('d2707fd0-2471-11e4-8841-25fade088f59', '92265c40-c6b3-11e3-abe4-43f71316187c', 'eaf08a50-f8f7-11e3-88b3-29ce15a223c1', '1', '2014-08-15 19:46:41');
INSERT INTO `t_ef_user_attention` VALUES ('d283e0c0-2471-11e4-8841-25fade088f59', '92265c40-c6b3-11e3-abe4-43f71316187c', 'eaf08a50-f8f7-11e3-88b3-29ce15a223c1', '1', '2014-08-15 19:46:41');
INSERT INTO `t_ef_user_attention` VALUES ('d2e2a290-2471-11e4-8841-25fade088f59', '92265c40-c6b3-11e3-abe4-43f71316187c', 'eaf08a50-f8f7-11e3-88b3-29ce15a223c1', '1', '2014-08-15 19:46:42');
INSERT INTO `t_ef_user_attention` VALUES ('d31f3660-2471-11e4-8841-25fade088f59', '92265c40-c6b3-11e3-abe4-43f71316187c', 'eaf08a50-f8f7-11e3-88b3-29ce15a223c1', '1', '2014-08-15 19:46:42');
INSERT INTO `t_ef_user_attention` VALUES ('d3349320-2471-11e4-8841-25fade088f59', '92265c40-c6b3-11e3-abe4-43f71316187c', 'eaf08a50-f8f7-11e3-88b3-29ce15a223c1', '1', '2014-08-15 19:46:42');
INSERT INTO `t_ef_user_attention` VALUES ('d38c7720-2471-11e4-8841-25fade088f59', '92265c40-c6b3-11e3-abe4-43f71316187c', 'eaf08a50-f8f7-11e3-88b3-29ce15a223c1', '1', '2014-08-15 19:46:43');
INSERT INTO `t_ef_user_attention` VALUES ('d426bb50-2471-11e4-8841-25fade088f59', '92265c40-c6b3-11e3-abe4-43f71316187c', 'eaf08a50-f8f7-11e3-88b3-29ce15a223c1', '1', '2014-08-15 19:46:44');
INSERT INTO `t_ef_user_attention` VALUES ('d44c92d0-2471-11e4-8841-25fade088f59', '92265c40-c6b3-11e3-abe4-43f71316187c', 'eaf08a50-f8f7-11e3-88b3-29ce15a223c1', '1', '2014-08-15 19:46:44');
INSERT INTO `t_ef_user_attention` VALUES ('d9bce950-24e3-11e4-8841-25fade088f59', '77808370-24e1-11e4-8841-25fade088f59', '07e82cf0-24e3-11e4-8841-25fade088f59', '2', '2014-08-16 09:22:56');
INSERT INTO `t_ef_user_attention` VALUES ('d9ce7580-24e3-11e4-8841-25fade088f59', '77808370-24e1-11e4-8841-25fade088f59', '07e82cf0-24e3-11e4-8841-25fade088f59', '2', '2014-08-16 09:22:56');
INSERT INTO `t_ef_user_attention` VALUES ('da982e20-24e3-11e4-8841-25fade088f59', '77808370-24e1-11e4-8841-25fade088f59', '07e82cf0-24e3-11e4-8841-25fade088f59', '2', '2014-08-16 09:22:57');
INSERT INTO `t_ef_user_attention` VALUES ('dab13460-24e3-11e4-8841-25fade088f59', '77808370-24e1-11e4-8841-25fade088f59', '07e82cf0-24e3-11e4-8841-25fade088f59', '2', '2014-08-16 09:22:57');
INSERT INTO `t_ef_user_attention` VALUES ('dad62180-24e3-11e4-8841-25fade088f59', '77808370-24e1-11e4-8841-25fade088f59', '07e82cf0-24e3-11e4-8841-25fade088f59', '2', '2014-08-16 09:22:58');
INSERT INTO `t_ef_user_attention` VALUES ('daf4a600-24e3-11e4-8841-25fade088f59', '77808370-24e1-11e4-8841-25fade088f59', '07e82cf0-24e3-11e4-8841-25fade088f59', '2', '2014-08-16 09:22:58');
INSERT INTO `t_ef_user_attention` VALUES ('db04d2a0-24e3-11e4-8841-25fade088f59', '77808370-24e1-11e4-8841-25fade088f59', '07e82cf0-24e3-11e4-8841-25fade088f59', '2', '2014-08-16 09:22:58');
INSERT INTO `t_ef_user_attention` VALUES ('db128e40-24e3-11e4-8841-25fade088f59', '77808370-24e1-11e4-8841-25fade088f59', '07e82cf0-24e3-11e4-8841-25fade088f59', '2', '2014-08-16 09:22:58');
INSERT INTO `t_ef_user_attention` VALUES ('db2cf410-24e3-11e4-8841-25fade088f59', '77808370-24e1-11e4-8841-25fade088f59', '07e82cf0-24e3-11e4-8841-25fade088f59', '2', '2014-08-16 09:22:58');
INSERT INTO `t_ef_user_attention` VALUES ('db466f80-24e3-11e4-8841-25fade088f59', '77808370-24e1-11e4-8841-25fade088f59', '07e82cf0-24e3-11e4-8841-25fade088f59', '2', '2014-08-16 09:22:58');
INSERT INTO `t_ef_user_attention` VALUES ('db5feaf0-24e3-11e4-8841-25fade088f59', '77808370-24e1-11e4-8841-25fade088f59', '07e82cf0-24e3-11e4-8841-25fade088f59', '2', '2014-08-16 09:22:58');
INSERT INTO `t_ef_user_attention` VALUES ('dbdb5c80-24e3-11e4-8841-25fade088f59', '77808370-24e1-11e4-8841-25fade088f59', '07e82cf0-24e3-11e4-8841-25fade088f59', '2', '2014-08-16 09:22:59');
INSERT INTO `t_ef_user_attention` VALUES ('dc00e5e0-24e3-11e4-8841-25fade088f59', '77808370-24e1-11e4-8841-25fade088f59', '07e82cf0-24e3-11e4-8841-25fade088f59', '2', '2014-08-16 09:23:00');
INSERT INTO `t_ef_user_attention` VALUES ('dc135c70-24e3-11e4-8841-25fade088f59', '77808370-24e1-11e4-8841-25fade088f59', '07e82cf0-24e3-11e4-8841-25fade088f59', '2', '2014-08-16 09:23:00');
INSERT INTO `t_ef_user_attention` VALUES ('dc623fc0-24e3-11e4-8841-25fade088f59', '77808370-24e1-11e4-8841-25fade088f59', '07e82cf0-24e3-11e4-8841-25fade088f59', '2', '2014-08-16 09:23:00');
INSERT INTO `t_ef_user_attention` VALUES ('dc6c4ff0-f361-11e3-b008-6dcddc06d37e', '92265c40-c6b3-11e3-abe4-43f71316187c', '141c0c30-c2d2-11e3-bceb-83350fc580d2', '2', '2014-06-14 09:18:59');
INSERT INTO `t_ef_user_attention` VALUES ('dc933ad0-24e3-11e4-8841-25fade088f59', '77808370-24e1-11e4-8841-25fade088f59', '07e82cf0-24e3-11e4-8841-25fade088f59', '2', '2014-08-16 09:23:00');
INSERT INTO `t_ef_user_attention` VALUES ('dca00c10-24e3-11e4-8841-25fade088f59', '77808370-24e1-11e4-8841-25fade088f59', '07e82cf0-24e3-11e4-8841-25fade088f59', '2', '2014-08-16 09:23:01');
INSERT INTO `t_ef_user_attention` VALUES ('dcb93960-24e3-11e4-8841-25fade088f59', '77808370-24e1-11e4-8841-25fade088f59', '07e82cf0-24e3-11e4-8841-25fade088f59', '2', '2014-08-16 09:23:01');
INSERT INTO `t_ef_user_attention` VALUES ('dcd525d0-24e3-11e4-8841-25fade088f59', '77808370-24e1-11e4-8841-25fade088f59', '07e82cf0-24e3-11e4-8841-25fade088f59', '2', '2014-08-16 09:23:01');
INSERT INTO `t_ef_user_attention` VALUES ('dcee5320-24e3-11e4-8841-25fade088f59', '77808370-24e1-11e4-8841-25fade088f59', '07e82cf0-24e3-11e4-8841-25fade088f59', '2', '2014-08-16 09:23:01');
INSERT INTO `t_ef_user_attention` VALUES ('dd086ad0-24e3-11e4-8841-25fade088f59', '77808370-24e1-11e4-8841-25fade088f59', '07e82cf0-24e3-11e4-8841-25fade088f59', '2', '2014-08-16 09:23:01');
INSERT INTO `t_ef_user_attention` VALUES ('e0596a90-24e3-11e4-8841-25fade088f59', '77808370-24e1-11e4-8841-25fade088f59', '07e82cf0-24e3-11e4-8841-25fade088f59', '2', '2014-08-16 09:23:07');
INSERT INTO `t_ef_user_attention` VALUES ('e0f58380-24e3-11e4-8841-25fade088f59', '77808370-24e1-11e4-8841-25fade088f59', '07e82cf0-24e3-11e4-8841-25fade088f59', '2', '2014-08-16 09:23:08');
INSERT INTO `t_ef_user_attention` VALUES ('e118ea00-24e3-11e4-8841-25fade088f59', '77808370-24e1-11e4-8841-25fade088f59', '07e82cf0-24e3-11e4-8841-25fade088f59', '2', '2014-08-16 09:23:08');
INSERT INTO `t_ef_user_attention` VALUES ('e12b1270-24e3-11e4-8841-25fade088f59', '77808370-24e1-11e4-8841-25fade088f59', '07e82cf0-24e3-11e4-8841-25fade088f59', '2', '2014-08-16 09:23:08');
INSERT INTO `t_ef_user_attention` VALUES ('e15026a0-24e3-11e4-8841-25fade088f59', '77808370-24e1-11e4-8841-25fade088f59', '07e82cf0-24e3-11e4-8841-25fade088f59', '2', '2014-08-16 09:23:08');
INSERT INTO `t_ef_user_attention` VALUES ('e1c09bb0-24e3-11e4-8841-25fade088f59', '77808370-24e1-11e4-8841-25fade088f59', '07e82cf0-24e3-11e4-8841-25fade088f59', '2', '2014-08-16 09:23:09');
INSERT INTO `t_ef_user_attention` VALUES ('e1e62510-24e3-11e4-8841-25fade088f59', '77808370-24e1-11e4-8841-25fade088f59', '07e82cf0-24e3-11e4-8841-25fade088f59', '2', '2014-08-16 09:23:09');
INSERT INTO `t_ef_user_attention` VALUES ('e28bdaf0-24e3-11e4-8841-25fade088f59', '77808370-24e1-11e4-8841-25fade088f59', '07e82cf0-24e3-11e4-8841-25fade088f59', '2', '2014-08-16 09:23:10');
INSERT INTO `t_ef_user_attention` VALUES ('f0eb9e80-0447-11e4-8dc0-09ba4baecd02', 'd70c1580-0447-11e4-8dc0-09ba4baecd02', '141c0c30-c2d2-11e3-bceb-83350fc580d2', '2', '2014-07-05 21:26:16');
INSERT INTO `t_ef_user_attention` VALUES ('f29d6d30-0447-11e4-8dc0-09ba4baecd02', 'd70c1580-0447-11e4-8dc0-09ba4baecd02', '141c0c30-c2d2-11e3-bceb-83350fc580d2', '2', '2014-07-05 21:26:19');
INSERT INTO `t_ef_user_attention` VALUES ('f30556c0-0447-11e4-8dc0-09ba4baecd02', 'd70c1580-0447-11e4-8dc0-09ba4baecd02', '141c0c30-c2d2-11e3-bceb-83350fc580d2', '2', '2014-07-05 21:26:19');
INSERT INTO `t_ef_user_attention` VALUES ('f3437130-0447-11e4-8dc0-09ba4baecd02', 'd70c1580-0447-11e4-8dc0-09ba4baecd02', '141c0c30-c2d2-11e3-bceb-83350fc580d2', '2', '2014-07-05 21:26:20');
INSERT INTO `t_ef_user_attention` VALUES ('f37863e0-0447-11e4-8dc0-09ba4baecd02', 'd70c1580-0447-11e4-8dc0-09ba4baecd02', '141c0c30-c2d2-11e3-bceb-83350fc580d2', '2', '2014-07-05 21:26:20');
INSERT INTO `t_ef_user_attention` VALUES ('f3a4cb10-0447-11e4-8dc0-09ba4baecd02', 'd70c1580-0447-11e4-8dc0-09ba4baecd02', '141c0c30-c2d2-11e3-bceb-83350fc580d2', '2', '2014-07-05 21:26:20');
INSERT INTO `t_ef_user_attention` VALUES ('f3ca2d60-0447-11e4-8dc0-09ba4baecd02', 'd70c1580-0447-11e4-8dc0-09ba4baecd02', '141c0c30-c2d2-11e3-bceb-83350fc580d2', '2', '2014-07-05 21:26:21');
INSERT INTO `t_ef_user_attention` VALUES ('f5a6de70-1c76-11e4-88a6-9308e8ec8851', '67a5b830-1c76-11e4-88a6-9308e8ec8851', '92265c40-c6b3-11e3-abe4-43f71316187c', '1', '2014-08-05 16:03:18');
INSERT INTO `t_ef_user_attention` VALUES ('f6200440-0447-11e4-8dc0-09ba4baecd02', 'd70c1580-0447-11e4-8dc0-09ba4baecd02', '141c0c30-c2d2-11e3-bceb-83350fc580d2', '2', '2014-07-05 21:26:25');
INSERT INTO `t_ef_user_attention` VALUES ('f6397fb0-0447-11e4-8dc0-09ba4baecd02', 'd70c1580-0447-11e4-8dc0-09ba4baecd02', '141c0c30-c2d2-11e3-bceb-83350fc580d2', '2', '2014-07-05 21:26:25');
INSERT INTO `t_ef_user_attention` VALUES ('f6560860-0447-11e4-8dc0-09ba4baecd02', 'd70c1580-0447-11e4-8dc0-09ba4baecd02', '141c0c30-c2d2-11e3-bceb-83350fc580d2', '2', '2014-07-05 21:26:25');
INSERT INTO `t_ef_user_attention` VALUES ('f66c2870-0447-11e4-8dc0-09ba4baecd02', 'd70c1580-0447-11e4-8dc0-09ba4baecd02', '141c0c30-c2d2-11e3-bceb-83350fc580d2', '2', '2014-07-05 21:26:25');
INSERT INTO `t_ef_user_attention` VALUES ('f685a3e0-0447-11e4-8dc0-09ba4baecd02', 'd70c1580-0447-11e4-8dc0-09ba4baecd02', '141c0c30-c2d2-11e3-bceb-83350fc580d2', '2', '2014-07-05 21:26:25');
INSERT INTO `t_ef_user_attention` VALUES ('f69f4660-0447-11e4-8dc0-09ba4baecd02', 'd70c1580-0447-11e4-8dc0-09ba4baecd02', '141c0c30-c2d2-11e3-bceb-83350fc580d2', '2', '2014-07-05 21:26:25');
INSERT INTO `t_ef_user_attention` VALUES ('f6b650d0-0447-11e4-8dc0-09ba4baecd02', 'd70c1580-0447-11e4-8dc0-09ba4baecd02', '141c0c30-c2d2-11e3-bceb-83350fc580d2', '2', '2014-07-05 21:26:26');
INSERT INTO `t_ef_user_attention` VALUES ('f6d43910-0447-11e4-8dc0-09ba4baecd02', 'd70c1580-0447-11e4-8dc0-09ba4baecd02', '141c0c30-c2d2-11e3-bceb-83350fc580d2', '2', '2014-07-05 21:26:26');
INSERT INTO `t_ef_user_attention` VALUES ('f6edb480-0447-11e4-8dc0-09ba4baecd02', 'd70c1580-0447-11e4-8dc0-09ba4baecd02', '141c0c30-c2d2-11e3-bceb-83350fc580d2', '2', '2014-07-05 21:26:26');
INSERT INTO `t_ef_user_attention` VALUES ('f70beae0-0447-11e4-8dc0-09ba4baecd02', 'd70c1580-0447-11e4-8dc0-09ba4baecd02', '141c0c30-c2d2-11e3-bceb-83350fc580d2', '2', '2014-07-05 21:26:26');
INSERT INTO `t_ef_user_attention` VALUES ('f7253f40-0447-11e4-8dc0-09ba4baecd02', 'd70c1580-0447-11e4-8dc0-09ba4baecd02', '141c0c30-c2d2-11e3-bceb-83350fc580d2', '2', '2014-07-05 21:26:26');
INSERT INTO `t_ef_user_attention` VALUES ('f744fc40-0447-11e4-8dc0-09ba4baecd02', 'd70c1580-0447-11e4-8dc0-09ba4baecd02', '141c0c30-c2d2-11e3-bceb-83350fc580d2', '2', '2014-07-05 21:26:27');
INSERT INTO `t_ef_user_attention` VALUES ('f779a2a0-1c76-11e4-88a6-9308e8ec8851', '67a5b830-1c76-11e4-88a6-9308e8ec8851', '92265c40-c6b3-11e3-abe4-43f71316187c', '1', '2014-08-05 16:03:21');
INSERT INTO `t_ef_user_attention` VALUES ('f8c77f60-1c76-11e4-88a6-9308e8ec8851', '67a5b830-1c76-11e4-88a6-9308e8ec8851', '92265c40-c6b3-11e3-abe4-43f71316187c', '1', '2014-08-05 16:03:23');
INSERT INTO `t_ef_user_attention` VALUES ('fa9624e0-1c76-11e4-88a6-9308e8ec8851', '67a5b830-1c76-11e4-88a6-9308e8ec8851', '92265c40-c6b3-11e3-abe4-43f71316187c', '1', '2014-08-05 16:03:26');
INSERT INTO `t_ef_user_attention` VALUES ('fdfd15f0-0cc5-11e4-ad26-09030b3b7746', '92265c40-c6b3-11e3-abe4-43f71316187c', 'f9865de0-07c2-11e4-a25b-e7c9caab850c', '2', '2014-07-16 16:48:44');

-- ----------------------------
-- Table structure for t_ef_user_comment
-- ----------------------------
DROP TABLE IF EXISTS `t_ef_user_comment`;
CREATE TABLE `t_ef_user_comment` (
  `id_` varchar(50) NOT NULL,
  `userid` varchar(50) DEFAULT NULL COMMENT '评论人/回复人',
  `artideid` varchar(50) DEFAULT NULL COMMENT '文章id',
  `comment` varchar(500) DEFAULT NULL COMMENT '回复内容',
  `commenttime` datetime DEFAULT NULL COMMENT '评论时间/回复时间',
  `commendid` varchar(50) DEFAULT NULL COMMENT '评论回复id',
  PRIMARY KEY (`id_`)
) ENGINE=InnoDB DEFAULT CHARSET=utf8 COMMENT='用户文章评论表、用户留言回复表';

-- ----------------------------
-- Records of t_ef_user_comment
-- ----------------------------
INSERT INTO `t_ef_user_comment` VALUES ('056d1150-2684-11e4-8841-25fade088f59', 'e983ae90-2683-11e4-8841-25fade088f59', 'a74ef1e0-2342-11e4-a02b-01f7c8aedc7b', '在加个自定义样式。。', '2014-08-18 11:02:00', null);
INSERT INTO `t_ef_user_comment` VALUES ('0b4f2490-0448-11e4-8dc0-09ba4baecd02', 'd70c1580-0447-11e4-8dc0-09ba4baecd02', '141c0c30-c2d2-11e3-bceb-83350fc580d2', '哥是来打酱油的', '2014-07-05 21:27:00', null);
INSERT INTO `t_ef_user_comment` VALUES ('116c0d30-2684-11e4-8841-25fade088f59', 'e983ae90-2683-11e4-8841-25fade088f59', '91fe9440-240e-11e4-8841-25fade088f59', 'test', '2014-08-18 11:02:20', null);
INSERT INTO `t_ef_user_comment` VALUES ('17e9f6f0-24e4-11e4-8841-25fade088f59', '77808370-24e1-11e4-8841-25fade088f59', '630b5030-24d4-11e4-8841-25fade088f59', '有个bug，可以无限点赞，其他类似。', '2014-08-16 09:24:40', null);
INSERT INTO `t_ef_user_comment` VALUES ('269636a0-fed3-11e3-9db2-8159031540c9', 'eaf08a50-f8f7-11e3-88b3-29ce15a223c1', '23260e60-fe8c-11e3-86c5-2fff3f4ee3ad', '我去你。', '2014-06-28 22:47:39', null);
INSERT INTO `t_ef_user_comment` VALUES ('2a8b0fc0-2cef-11e4-ab83-21f40f2f1413', 'f929d5d0-2cec-11e4-ab83-21f40f2f1413', '3fbd2920-2b35-11e4-9d6a-89814f6d0063', 'ffff', '2014-08-26 15:04:05', null);
INSERT INTO `t_ef_user_comment` VALUES ('2ad7c5c0-2684-11e4-8841-25fade088f59', 'e983ae90-2683-11e4-8841-25fade088f59', '91fe9440-240e-11e4-8841-25fade088f59', '还有个bug，评论后，评论信息列表没有刷新', '2014-08-18 11:03:02', null);
INSERT INTO `t_ef_user_comment` VALUES ('2ba53250-2cef-11e4-ab83-21f40f2f1413', 'f929d5d0-2cec-11e4-ab83-21f40f2f1413', '3fbd2920-2b35-11e4-9d6a-89814f6d0063', 'ggg', '2014-08-26 15:04:07', null);
INSERT INTO `t_ef_user_comment` VALUES ('36e294e0-f947-11e3-8989-0f686fe4732e', 'eaf08a50-f8f7-11e3-88b3-29ce15a223c1', '141c0c30-c2d2-11e3-bceb-83350fc580d2', '我觉得还呆以加人另你不什么 国。 价钱', '2014-06-21 21:23:21', null);
INSERT INTO `t_ef_user_comment` VALUES ('3772f4a0-d1a0-11e3-b8fc-bbf89489dae9', '92265c40-c6b3-11e3-abe4-43f71316187c', '36b9e500-c2d2-11e3-bceb-83350fc580d2', '33333333333333333333', '2014-05-02 10:19:41', null);
INSERT INTO `t_ef_user_comment` VALUES ('38061770-d1a1-11e3-ab2b-af92ff1bb52e', '92265c40-c6b3-11e3-abe4-43f71316187c', '9ee264b0-c2d0-11e3-a1f9-7914cf6e1af9', '333', '2014-05-02 10:26:51', null);
INSERT INTO `t_ef_user_comment` VALUES ('3cef1410-2ced-11e4-ab83-21f40f2f1413', 'f929d5d0-2cec-11e4-ab83-21f40f2f1413', '9ee264b0-c2d0-11e3-a1f9-7914cf6e1af9', 'ffsdf', '2014-08-26 14:50:17', null);
INSERT INTO `t_ef_user_comment` VALUES ('3e372470-2ced-11e4-ab83-21f40f2f1413', 'f929d5d0-2cec-11e4-ab83-21f40f2f1413', '9ee264b0-c2d0-11e3-a1f9-7914cf6e1af9', 'gggg', '2014-08-26 14:50:19', null);
INSERT INTO `t_ef_user_comment` VALUES ('414bb770-2ced-11e4-ab83-21f40f2f1413', 'f929d5d0-2cec-11e4-ab83-21f40f2f1413', '9ee264b0-c2d0-11e3-a1f9-7914cf6e1af9', 'ggsdf', '2014-08-26 14:50:24', null);
INSERT INTO `t_ef_user_comment` VALUES ('44ae4ba0-d1a1-11e3-ab2b-af92ff1bb52e', '92265c40-c6b3-11e3-abe4-43f71316187c', '9ee264b0-c2d0-11e3-a1f9-7914cf6e1af9', '333333', '2014-05-02 10:27:12', null);
INSERT INTO `t_ef_user_comment` VALUES ('45919e80-2ced-11e4-ab83-21f40f2f1413', 'f929d5d0-2cec-11e4-ab83-21f40f2f1413', '9ee264b0-c2d0-11e3-a1f9-7914cf6e1af9', 'fsfsdf', '2014-08-26 14:50:31', 'f929d5d0-2cec-11e4-ab83-21f40f2f1413');
INSERT INTO `t_ef_user_comment` VALUES ('48ea3f60-2ced-11e4-ab83-21f40f2f1413', 'f929d5d0-2cec-11e4-ab83-21f40f2f1413', '9ee264b0-c2d0-11e3-a1f9-7914cf6e1af9', 'ggsgg', '2014-08-26 14:50:37', 'f929d5d0-2cec-11e4-ab83-21f40f2f1413');
INSERT INTO `t_ef_user_comment` VALUES ('4cbcc8e0-d1a0-11e3-b5f0-edecd37cdb71', '92265c40-c6b3-11e3-abe4-43f71316187c', '439b2a90-c2d2-11e3-bceb-83350fc580d2', '33333333333333333333333', '2014-05-02 10:20:16', null);
INSERT INTO `t_ef_user_comment` VALUES ('4e612520-2686-11e4-8841-25fade088f59', 'e983ae90-2683-11e4-8841-25fade088f59', 'b98f8170-c2d1-11e3-bceb-83350fc580d2', '放点nodeJS的学习资料进来', '2014-08-18 11:18:21', null);
INSERT INTO `t_ef_user_comment` VALUES ('52d8e040-0c1c-11e4-ad26-09030b3b7746', '1536fba0-0c1c-11e4-ad26-09030b3b7746', '43be9aa0-0c1c-11e4-ad26-09030b3b7746', 'jjjj', '2014-07-15 20:34:12', null);
INSERT INTO `t_ef_user_comment` VALUES ('577ee8b0-0c1c-11e4-ad26-09030b3b7746', '1536fba0-0c1c-11e4-ad26-09030b3b7746', '43be9aa0-0c1c-11e4-ad26-09030b3b7746', 'llll', '2014-07-15 20:34:19', null);
INSERT INTO `t_ef_user_comment` VALUES ('5be0bc30-0c1c-11e4-ad26-09030b3b7746', '1536fba0-0c1c-11e4-ad26-09030b3b7746', '43be9aa0-0c1c-11e4-ad26-09030b3b7746', 'hjfjhfgj', '2014-07-15 20:34:27', null);
INSERT INTO `t_ef_user_comment` VALUES ('608fedb0-27fa-11e4-a045-f928e65891ba', '92265c40-c6b3-11e3-abe4-43f71316187c', 'd49359b0-040d-11e4-80c0-3f879252e9e6', '有没有什么问题 。', '2014-08-20 07:41:44', null);
INSERT INTO `t_ef_user_comment` VALUES ('72508920-d1a0-11e3-ab2b-af92ff1bb52e', '92265c40-c6b3-11e3-abe4-43f71316187c', '9ee264b0-c2d0-11e3-a1f9-7914cf6e1af9', 'vvvvvvvvvvvvvvvvvvvvvvvvvvvvvvvvvvvvvvvvvvvv', '2014-05-02 10:21:19', null);
INSERT INTO `t_ef_user_comment` VALUES ('75727f10-d19f-11e3-b858-39b4494c05f6', '92265c40-c6b3-11e3-abe4-43f71316187c', '141c0c30-c2d2-11e3-bceb-83350fc580d2', '1、根据 https://github.com/matys84pl/angularjs-requirejs-lazy-controllers 大神的项目可以按需加载Controller，但如果controller中还引用了其余的Directive，并且此Directive并未加载到angularjs中，应如何解决这个依赖问题呢？\r\n\r\n2、在angular.boot？', '2014-05-02 10:14:15', null);
INSERT INTO `t_ef_user_comment` VALUES ('77dfe940-22b7-11e4-b691-11967256bace', '69faef50-22b7-11e4-b691-11967256bace', '284d49e0-221c-11e4-8cab-33fcae3d303a', '还能这么注册、、、', '2014-08-13 15:00:11', null);
INSERT INTO `t_ef_user_comment` VALUES ('9679b930-fecc-11e3-9a69-c71d4375a54b', '92265c40-c6b3-11e3-abe4-43f71316187c', 'a595d900-fbaa-11e3-8521-19dea8a74412', '这是就假的。', '2014-06-28 22:00:40', null);
INSERT INTO `t_ef_user_comment` VALUES ('967db5e0-24e1-11e4-8841-25fade088f59', '77808370-24e1-11e4-8841-25fade088f59', '630b5030-24d4-11e4-8841-25fade088f59', '全文搜索功能博主怎么做，sphinx貌似还不支持nodejs', '2014-08-16 09:06:44', null);
INSERT INTO `t_ef_user_comment` VALUES ('98843ac0-f9e0-11e3-8061-63fdf142d9ec', 'eaf08a50-f8f7-11e3-88b3-29ce15a223c1', '1f16b770-c2d2-11e3-bceb-83350fc580d2', '你妹的。你真是一个傻子。', '2014-06-22 15:41:18', null);
INSERT INTO `t_ef_user_comment` VALUES ('9e69b360-22e5-11e4-b691-11967256bace', '92265c40-c6b3-11e3-abe4-43f71316187c', '284d49e0-221c-11e4-8cab-33fcae3d303a', '哈哈，，很多地方没控制的啦。', '2014-08-13 20:30:33', null);
INSERT INTO `t_ef_user_comment` VALUES ('acf14a80-041b-11e4-85d2-e5bf5b353153', '92265c40-c6b3-11e3-abe4-43f71316187c', 'd49359b0-040d-11e4-80c0-3f879252e9e6', '谢谢大家', '2014-07-05 16:09:24', null);
INSERT INTO `t_ef_user_comment` VALUES ('ad72a970-24de-11e4-8841-25fade088f59', '96ba5110-24de-11e4-8841-25fade088f59', '630b5030-24d4-11e4-8841-25fade088f59', '<script>alert(\'hi\')</script>', '2014-08-16 08:45:54', null);
INSERT INTO `t_ef_user_comment` VALUES ('d53095f0-221b-11e4-8cab-33fcae3d303a', '92265c40-c6b3-11e3-abe4-43f71316187c', 'd2d65ce0-1c76-11e4-88a6-9308e8ec8851', '谢谢了，刚把阿里云续了一个月。后面准备把java项目放到上面来。', '2014-08-12 20:26:06', null);
INSERT INTO `t_ef_user_comment` VALUES ('e4b449c0-d1a0-11e3-ab2b-af92ff1bb52e', '92265c40-c6b3-11e3-abe4-43f71316187c', '9ee264b0-c2d0-11e3-a1f9-7914cf6e1af9', '2323232', '2014-05-02 10:24:31', null);
INSERT INTO `t_ef_user_comment` VALUES ('f6447160-d1a0-11e3-ab2b-af92ff1bb52e', '92265c40-c6b3-11e3-abe4-43f71316187c', '9ee264b0-c2d0-11e3-a1f9-7914cf6e1af9', '3333', '2014-05-02 10:25:01', null);
INSERT INTO `t_ef_user_comment` VALUES ('f6495080-2a8e-11e4-b9d2-0d5b3d8974ec', '92265c40-c6b3-11e3-abe4-43f71316187c', 'a74ef1e0-2342-11e4-a02b-01f7c8aedc7b', '回复提醒和多层回复没做。唉', '2014-08-23 14:30:23', null);
INSERT INTO `t_ef_user_comment` VALUES ('f82fbee0-fada-11e3-8c01-352a2d662b0b', '92265c40-c6b3-11e3-abe4-43f71316187c', '837fc450-fada-11e3-8c01-352a2d662b0b', '我觉得我应该说点什么。其时私服难', '2014-06-23 21:33:32', null);

-- ----------------------------
-- Table structure for t_ef_user_reviews
-- ----------------------------
DROP TABLE IF EXISTS `t_ef_user_reviews`;
CREATE TABLE `t_ef_user_reviews` (
  `id_` varchar(50) NOT NULL,
  `userid` varchar(50) DEFAULT NULL,
  `relid` varchar(50) DEFAULT NULL,
  `type` varchar(2) DEFAULT NULL COMMENT '3,4 文章类型',
  `flag` varchar(2) DEFAULT NULL COMMENT '0 支持,1 反对 ',
  `operationtime` datetime DEFAULT NULL,
  PRIMARY KEY (`id_`)
) ENGINE=InnoDB DEFAULT CHARSET=utf8 COMMENT='用户点评中间表\r\ntype=3 用户点赞文章\r\n\r\ntype=4 用户点赞评论\r\n\r\n';

-- ----------------------------
-- Records of t_ef_user_reviews
-- ----------------------------
INSERT INTO `t_ef_user_reviews` VALUES ('0155bb80-3020-11e4-ab83-21f40f2f1413', 'ccd666c0-301f-11e4-ab83-21f40f2f1413', '284d49e0-221c-11e4-8cab-33fcae3d303a', '3', '1', '2014-08-30 16:31:15');
INSERT INTO `t_ef_user_reviews` VALUES ('022826b0-3020-11e4-ab83-21f40f2f1413', 'ccd666c0-301f-11e4-ab83-21f40f2f1413', '284d49e0-221c-11e4-8cab-33fcae3d303a', '3', '1', '2014-08-30 16:31:16');
INSERT INTO `t_ef_user_reviews` VALUES ('03160920-3020-11e4-ab83-21f40f2f1413', 'ccd666c0-301f-11e4-ab83-21f40f2f1413', '284d49e0-221c-11e4-8cab-33fcae3d303a', '3', '0', '2014-08-30 16:31:18');
INSERT INTO `t_ef_user_reviews` VALUES ('03cd2420-3020-11e4-ab83-21f40f2f1413', 'ccd666c0-301f-11e4-ab83-21f40f2f1413', '284d49e0-221c-11e4-8cab-33fcae3d303a', '3', '0', '2014-08-30 16:31:19');
INSERT INTO `t_ef_user_reviews` VALUES ('046ee260-3020-11e4-ab83-21f40f2f1413', 'ccd666c0-301f-11e4-ab83-21f40f2f1413', '284d49e0-221c-11e4-8cab-33fcae3d303a', '3', '0', '2014-08-30 16:31:20');
INSERT INTO `t_ef_user_reviews` VALUES ('047ec0e0-3020-11e4-ab83-21f40f2f1413', 'ccd666c0-301f-11e4-ab83-21f40f2f1413', '284d49e0-221c-11e4-8cab-33fcae3d303a', '3', '0', '2014-08-30 16:31:20');
INSERT INTO `t_ef_user_reviews` VALUES ('050afb50-3020-11e4-ab83-21f40f2f1413', 'ccd666c0-301f-11e4-ab83-21f40f2f1413', '284d49e0-221c-11e4-8cab-33fcae3d303a', '3', '0', '2014-08-30 16:31:21');
INSERT INTO `t_ef_user_reviews` VALUES ('0519ef70-3020-11e4-ab83-21f40f2f1413', 'ccd666c0-301f-11e4-ab83-21f40f2f1413', '284d49e0-221c-11e4-8cab-33fcae3d303a', '3', '0', '2014-08-30 16:31:21');
INSERT INTO `t_ef_user_reviews` VALUES ('05b5ba40-3020-11e4-ab83-21f40f2f1413', 'ccd666c0-301f-11e4-ab83-21f40f2f1413', '284d49e0-221c-11e4-8cab-33fcae3d303a', '3', '0', '2014-08-30 16:31:22');
INSERT INTO `t_ef_user_reviews` VALUES ('05c4fc80-3020-11e4-ab83-21f40f2f1413', 'ccd666c0-301f-11e4-ab83-21f40f2f1413', '284d49e0-221c-11e4-8cab-33fcae3d303a', '3', '0', '2014-08-30 16:31:22');
INSERT INTO `t_ef_user_reviews` VALUES ('0660c750-3020-11e4-ab83-21f40f2f1413', 'ccd666c0-301f-11e4-ab83-21f40f2f1413', '284d49e0-221c-11e4-8cab-33fcae3d303a', '3', '0', '2014-08-30 16:31:23');
INSERT INTO `t_ef_user_reviews` VALUES ('073f8e90-3020-11e4-ab83-21f40f2f1413', 'ccd666c0-301f-11e4-ab83-21f40f2f1413', '284d49e0-221c-11e4-8cab-33fcae3d303a', '3', '1', '2014-08-30 16:31:25');
INSERT INTO `t_ef_user_reviews` VALUES ('162fce00-d199-11e3-b78e-395a82c1a91c', '92265c40-c6b3-11e3-abe4-43f71316187c', '141c0c30-c2d2-11e3-bceb-83350fc580d2', '3', '0', '2014-05-02 09:28:38');
INSERT INTO `t_ef_user_reviews` VALUES ('16f60430-d199-11e3-b78e-395a82c1a91c', '92265c40-c6b3-11e3-abe4-43f71316187c', '141c0c30-c2d2-11e3-bceb-83350fc580d2', '3', '0', '2014-05-02 09:28:40');
INSERT INTO `t_ef_user_reviews` VALUES ('1d28e220-fed3-11e3-9db2-8159031540c9', 'eaf08a50-f8f7-11e3-88b3-29ce15a223c1', '23260e60-fe8c-11e3-86c5-2fff3f4ee3ad', '3', '1', '2014-06-28 22:47:23');
INSERT INTO `t_ef_user_reviews` VALUES ('1d715cd0-fed3-11e3-9db2-8159031540c9', 'eaf08a50-f8f7-11e3-88b3-29ce15a223c1', '23260e60-fe8c-11e3-86c5-2fff3f4ee3ad', '3', '0', '2014-06-28 22:47:24');
INSERT INTO `t_ef_user_reviews` VALUES ('23c0eed0-2cef-11e4-ab83-21f40f2f1413', 'f929d5d0-2cec-11e4-ab83-21f40f2f1413', '3fbd2920-2b35-11e4-9d6a-89814f6d0063', '3', '1', '2014-08-26 15:03:54');
INSERT INTO `t_ef_user_reviews` VALUES ('2460b140-2cef-11e4-ab83-21f40f2f1413', 'f929d5d0-2cec-11e4-ab83-21f40f2f1413', '3fbd2920-2b35-11e4-9d6a-89814f6d0063', '3', '1', '2014-08-26 15:03:55');
INSERT INTO `t_ef_user_reviews` VALUES ('24eaa1c0-2cef-11e4-ab83-21f40f2f1413', 'f929d5d0-2cec-11e4-ab83-21f40f2f1413', '3fbd2920-2b35-11e4-9d6a-89814f6d0063', '3', '1', '2014-08-26 15:03:56');
INSERT INTO `t_ef_user_reviews` VALUES ('2601de20-2cef-11e4-ab83-21f40f2f1413', 'f929d5d0-2cec-11e4-ab83-21f40f2f1413', '3fbd2920-2b35-11e4-9d6a-89814f6d0063', '3', '0', '2014-08-26 15:03:57');
INSERT INTO `t_ef_user_reviews` VALUES ('2669a0a0-2cef-11e4-ab83-21f40f2f1413', 'f929d5d0-2cec-11e4-ab83-21f40f2f1413', '3fbd2920-2b35-11e4-9d6a-89814f6d0063', '3', '0', '2014-08-26 15:03:58');
INSERT INTO `t_ef_user_reviews` VALUES ('33872a90-d197-11e3-9f70-57494ee1aa86', '92265c40-c6b3-11e3-abe4-43f71316187c', null, '3', '1', '2014-05-02 09:15:09');
INSERT INTO `t_ef_user_reviews` VALUES ('432d0000-f8f7-11e3-88b3-29ce15a223c1', '92265c40-c6b3-11e3-abe4-43f71316187c', '141c0c30-c2d2-11e3-bceb-83350fc580d2', '3', '1', '2014-06-21 11:51:02');
INSERT INTO `t_ef_user_reviews` VALUES ('441f9d60-f8f7-11e3-88b3-29ce15a223c1', '92265c40-c6b3-11e3-abe4-43f71316187c', '141c0c30-c2d2-11e3-bceb-83350fc580d2', '3', '0', '2014-06-21 11:51:03');
INSERT INTO `t_ef_user_reviews` VALUES ('45620870-f8f7-11e3-88b3-29ce15a223c1', '92265c40-c6b3-11e3-abe4-43f71316187c', '141c0c30-c2d2-11e3-bceb-83350fc580d2', '3', '1', '2014-06-21 11:51:06');
INSERT INTO `t_ef_user_reviews` VALUES ('58ea2bf0-d199-11e3-8fb4-0996f4c32eb1', '92265c40-c6b3-11e3-abe4-43f71316187c', '141c0c30-c2d2-11e3-bceb-83350fc580d2', '3', '0', '2014-05-02 09:30:30');
INSERT INTO `t_ef_user_reviews` VALUES ('6a85f520-2684-11e4-8841-25fade088f59', 'e983ae90-2683-11e4-8841-25fade088f59', '07e82cf0-24e3-11e4-8841-25fade088f59', '3', '1', '2014-08-18 11:04:49');
INSERT INTO `t_ef_user_reviews` VALUES ('6aa40470-2684-11e4-8841-25fade088f59', 'e983ae90-2683-11e4-8841-25fade088f59', '07e82cf0-24e3-11e4-8841-25fade088f59', '3', '1', '2014-08-18 11:04:49');
INSERT INTO `t_ef_user_reviews` VALUES ('6ac484c0-2684-11e4-8841-25fade088f59', 'e983ae90-2683-11e4-8841-25fade088f59', '07e82cf0-24e3-11e4-8841-25fade088f59', '3', '1', '2014-08-18 11:04:50');
INSERT INTO `t_ef_user_reviews` VALUES ('6ae52c20-2684-11e4-8841-25fade088f59', 'e983ae90-2683-11e4-8841-25fade088f59', '07e82cf0-24e3-11e4-8841-25fade088f59', '3', '1', '2014-08-18 11:04:50');
INSERT INTO `t_ef_user_reviews` VALUES ('6b00a360-2684-11e4-8841-25fade088f59', 'e983ae90-2683-11e4-8841-25fade088f59', '07e82cf0-24e3-11e4-8841-25fade088f59', '3', '1', '2014-08-18 11:04:50');
INSERT INTO `t_ef_user_reviews` VALUES ('6b103a30-0129-11e4-a738-9b7a89275f36', '92265c40-c6b3-11e3-abe4-43f71316187c', '23260e60-fe8c-11e3-86c5-2fff3f4ee3ad', '3', '0', '2014-07-01 22:10:13');
INSERT INTO `t_ef_user_reviews` VALUES ('6b1ba570-2684-11e4-8841-25fade088f59', 'e983ae90-2683-11e4-8841-25fade088f59', '07e82cf0-24e3-11e4-8841-25fade088f59', '3', '1', '2014-08-18 11:04:50');
INSERT INTO `t_ef_user_reviews` VALUES ('6b2dad40-0129-11e4-a738-9b7a89275f36', '92265c40-c6b3-11e3-abe4-43f71316187c', '23260e60-fe8c-11e3-86c5-2fff3f4ee3ad', '3', '1', '2014-07-01 22:10:13');
INSERT INTO `t_ef_user_reviews` VALUES ('6b3743c0-2684-11e4-8841-25fade088f59', 'e983ae90-2683-11e4-8841-25fade088f59', '07e82cf0-24e3-11e4-8841-25fade088f59', '3', '1', '2014-08-18 11:04:50');
INSERT INTO `t_ef_user_reviews` VALUES ('6b53a560-2684-11e4-8841-25fade088f59', 'e983ae90-2683-11e4-8841-25fade088f59', '07e82cf0-24e3-11e4-8841-25fade088f59', '3', '1', '2014-08-18 11:04:51');
INSERT INTO `t_ef_user_reviews` VALUES ('6b655f10-0129-11e4-a738-9b7a89275f36', '92265c40-c6b3-11e3-abe4-43f71316187c', '23260e60-fe8c-11e3-86c5-2fff3f4ee3ad', '3', '1', '2014-07-01 22:10:14');
INSERT INTO `t_ef_user_reviews` VALUES ('6b6d9600-2684-11e4-8841-25fade088f59', 'e983ae90-2683-11e4-8841-25fade088f59', '07e82cf0-24e3-11e4-8841-25fade088f59', '3', '1', '2014-08-18 11:04:51');
INSERT INTO `t_ef_user_reviews` VALUES ('6b8bcc60-2684-11e4-8841-25fade088f59', 'e983ae90-2683-11e4-8841-25fade088f59', '07e82cf0-24e3-11e4-8841-25fade088f59', '3', '1', '2014-08-18 11:04:51');
INSERT INTO `t_ef_user_reviews` VALUES ('6ba743a0-2684-11e4-8841-25fade088f59', 'e983ae90-2683-11e4-8841-25fade088f59', '07e82cf0-24e3-11e4-8841-25fade088f59', '3', '1', '2014-08-18 11:04:51');
INSERT INTO `t_ef_user_reviews` VALUES ('6bc3f360-2684-11e4-8841-25fade088f59', 'e983ae90-2683-11e4-8841-25fade088f59', '07e82cf0-24e3-11e4-8841-25fade088f59', '3', '1', '2014-08-18 11:04:51');
INSERT INTO `t_ef_user_reviews` VALUES ('6bd64950-0129-11e4-a738-9b7a89275f36', '92265c40-c6b3-11e3-abe4-43f71316187c', '23260e60-fe8c-11e3-86c5-2fff3f4ee3ad', '3', '0', '2014-07-01 22:10:14');
INSERT INTO `t_ef_user_reviews` VALUES ('6be4c1d0-2684-11e4-8841-25fade088f59', 'e983ae90-2683-11e4-8841-25fade088f59', '07e82cf0-24e3-11e4-8841-25fade088f59', '3', '1', '2014-08-18 11:04:52');
INSERT INTO `t_ef_user_reviews` VALUES ('6bfb3000-2684-11e4-8841-25fade088f59', 'e983ae90-2683-11e4-8841-25fade088f59', '07e82cf0-24e3-11e4-8841-25fade088f59', '3', '1', '2014-08-18 11:04:52');
INSERT INTO `t_ef_user_reviews` VALUES ('6c160b00-2684-11e4-8841-25fade088f59', 'e983ae90-2683-11e4-8841-25fade088f59', '07e82cf0-24e3-11e4-8841-25fade088f59', '3', '1', '2014-08-18 11:04:52');
INSERT INTO `t_ef_user_reviews` VALUES ('6c337e10-2684-11e4-8841-25fade088f59', 'e983ae90-2683-11e4-8841-25fade088f59', '07e82cf0-24e3-11e4-8841-25fade088f59', '3', '1', '2014-08-18 11:04:52');
INSERT INTO `t_ef_user_reviews` VALUES ('6c4e3200-2684-11e4-8841-25fade088f59', 'e983ae90-2683-11e4-8841-25fade088f59', '07e82cf0-24e3-11e4-8841-25fade088f59', '3', '1', '2014-08-18 11:04:52');
INSERT INTO `t_ef_user_reviews` VALUES ('6c685020-0129-11e4-a738-9b7a89275f36', '92265c40-c6b3-11e3-abe4-43f71316187c', '23260e60-fe8c-11e3-86c5-2fff3f4ee3ad', '3', '1', '2014-07-01 22:10:15');
INSERT INTO `t_ef_user_reviews` VALUES ('6c81ec30-2684-11e4-8841-25fade088f59', 'e983ae90-2683-11e4-8841-25fade088f59', '07e82cf0-24e3-11e4-8841-25fade088f59', '3', '1', '2014-08-18 11:04:53');
INSERT INTO `t_ef_user_reviews` VALUES ('6c9bb5c0-2684-11e4-8841-25fade088f59', 'e983ae90-2683-11e4-8841-25fade088f59', '07e82cf0-24e3-11e4-8841-25fade088f59', '3', '1', '2014-08-18 11:04:53');
INSERT INTO `t_ef_user_reviews` VALUES ('6ca929b0-0129-11e4-a738-9b7a89275f36', '92265c40-c6b3-11e3-abe4-43f71316187c', '23260e60-fe8c-11e3-86c5-2fff3f4ee3ad', '3', '0', '2014-07-01 22:10:16');
INSERT INTO `t_ef_user_reviews` VALUES ('6cb642a0-2684-11e4-8841-25fade088f59', 'e983ae90-2683-11e4-8841-25fade088f59', '07e82cf0-24e3-11e4-8841-25fade088f59', '3', '1', '2014-08-18 11:04:53');
INSERT INTO `t_ef_user_reviews` VALUES ('6cd47900-2684-11e4-8841-25fade088f59', 'e983ae90-2683-11e4-8841-25fade088f59', '07e82cf0-24e3-11e4-8841-25fade088f59', '3', '1', '2014-08-18 11:04:53');
INSERT INTO `t_ef_user_reviews` VALUES ('6ceff040-2684-11e4-8841-25fade088f59', 'e983ae90-2683-11e4-8841-25fade088f59', '07e82cf0-24e3-11e4-8841-25fade088f59', '3', '1', '2014-08-18 11:04:53');
INSERT INTO `t_ef_user_reviews` VALUES ('6d104980-2684-11e4-8841-25fade088f59', 'e983ae90-2683-11e4-8841-25fade088f59', '07e82cf0-24e3-11e4-8841-25fade088f59', '3', '1', '2014-08-18 11:04:54');
INSERT INTO `t_ef_user_reviews` VALUES ('6d2ad660-2684-11e4-8841-25fade088f59', 'e983ae90-2683-11e4-8841-25fade088f59', '07e82cf0-24e3-11e4-8841-25fade088f59', '3', '1', '2014-08-18 11:04:54');
INSERT INTO `t_ef_user_reviews` VALUES ('6d4e63f0-2684-11e4-8841-25fade088f59', 'e983ae90-2683-11e4-8841-25fade088f59', '07e82cf0-24e3-11e4-8841-25fade088f59', '3', '1', '2014-08-18 11:04:54');
INSERT INTO `t_ef_user_reviews` VALUES ('6d606550-2684-11e4-8841-25fade088f59', 'e983ae90-2683-11e4-8841-25fade088f59', '07e82cf0-24e3-11e4-8841-25fade088f59', '3', '1', '2014-08-18 11:04:54');
INSERT INTO `t_ef_user_reviews` VALUES ('6d7c51c0-2684-11e4-8841-25fade088f59', 'e983ae90-2683-11e4-8841-25fade088f59', '07e82cf0-24e3-11e4-8841-25fade088f59', '3', '1', '2014-08-18 11:04:54');
INSERT INTO `t_ef_user_reviews` VALUES ('6d969080-2684-11e4-8841-25fade088f59', 'e983ae90-2683-11e4-8841-25fade088f59', '07e82cf0-24e3-11e4-8841-25fade088f59', '3', '1', '2014-08-18 11:04:54');
INSERT INTO `t_ef_user_reviews` VALUES ('6ea679e0-2684-11e4-8841-25fade088f59', 'e983ae90-2683-11e4-8841-25fade088f59', '07e82cf0-24e3-11e4-8841-25fade088f59', '3', '1', '2014-08-18 11:04:56');
INSERT INTO `t_ef_user_reviews` VALUES ('6ec4b040-2684-11e4-8841-25fade088f59', 'e983ae90-2683-11e4-8841-25fade088f59', '07e82cf0-24e3-11e4-8841-25fade088f59', '3', '1', '2014-08-18 11:04:56');
INSERT INTO `t_ef_user_reviews` VALUES ('6ee138f0-2684-11e4-8841-25fade088f59', 'e983ae90-2683-11e4-8841-25fade088f59', '07e82cf0-24e3-11e4-8841-25fade088f59', '3', '1', '2014-08-18 11:04:57');
INSERT INTO `t_ef_user_reviews` VALUES ('6f00f5f0-2684-11e4-8841-25fade088f59', 'e983ae90-2683-11e4-8841-25fade088f59', '07e82cf0-24e3-11e4-8841-25fade088f59', '3', '1', '2014-08-18 11:04:57');
INSERT INTO `t_ef_user_reviews` VALUES ('6f17d950-2684-11e4-8841-25fade088f59', 'e983ae90-2683-11e4-8841-25fade088f59', '07e82cf0-24e3-11e4-8841-25fade088f59', '3', '1', '2014-08-18 11:04:57');
INSERT INTO `t_ef_user_reviews` VALUES ('6f335090-2684-11e4-8841-25fade088f59', 'e983ae90-2683-11e4-8841-25fade088f59', '07e82cf0-24e3-11e4-8841-25fade088f59', '3', '1', '2014-08-18 11:04:57');
INSERT INTO `t_ef_user_reviews` VALUES ('6f4e52a0-2684-11e4-8841-25fade088f59', 'e983ae90-2683-11e4-8841-25fade088f59', '07e82cf0-24e3-11e4-8841-25fade088f59', '3', '1', '2014-08-18 11:04:57');
INSERT INTO `t_ef_user_reviews` VALUES ('6f6b5080-2684-11e4-8841-25fade088f59', 'e983ae90-2683-11e4-8841-25fade088f59', '07e82cf0-24e3-11e4-8841-25fade088f59', '3', '1', '2014-08-18 11:04:57');
INSERT INTO `t_ef_user_reviews` VALUES ('6f870d10-d199-11e3-b3dd-e3906155d3f8', '92265c40-c6b3-11e3-abe4-43f71316187c', '141c0c30-c2d2-11e3-bceb-83350fc580d2', '3', '1', '2014-05-02 09:31:08');
INSERT INTO `t_ef_user_reviews` VALUES ('6fbe2b70-2684-11e4-8841-25fade088f59', 'e983ae90-2683-11e4-8841-25fade088f59', '07e82cf0-24e3-11e4-8841-25fade088f59', '3', '1', '2014-08-18 11:04:58');
INSERT INTO `t_ef_user_reviews` VALUES ('6fdcfe10-2684-11e4-8841-25fade088f59', 'e983ae90-2683-11e4-8841-25fade088f59', '07e82cf0-24e3-11e4-8841-25fade088f59', '3', '1', '2014-08-18 11:04:58');
INSERT INTO `t_ef_user_reviews` VALUES ('6fe92a40-d199-11e3-b3dd-e3906155d3f8', '92265c40-c6b3-11e3-abe4-43f71316187c', '141c0c30-c2d2-11e3-bceb-83350fc580d2', '3', '1', '2014-05-02 09:31:09');
INSERT INTO `t_ef_user_reviews` VALUES ('6ff9fbf0-2684-11e4-8841-25fade088f59', 'e983ae90-2683-11e4-8841-25fade088f59', '07e82cf0-24e3-11e4-8841-25fade088f59', '3', '1', '2014-08-18 11:04:58');
INSERT INTO `t_ef_user_reviews` VALUES ('701488d0-2684-11e4-8841-25fade088f59', 'e983ae90-2683-11e4-8841-25fade088f59', '07e82cf0-24e3-11e4-8841-25fade088f59', '3', '1', '2014-08-18 11:04:59');
INSERT INTO `t_ef_user_reviews` VALUES ('703afc90-2684-11e4-8841-25fade088f59', 'e983ae90-2683-11e4-8841-25fade088f59', '07e82cf0-24e3-11e4-8841-25fade088f59', '3', '1', '2014-08-18 11:04:59');
INSERT INTO `t_ef_user_reviews` VALUES ('70483a30-d199-11e3-b3dd-e3906155d3f8', '92265c40-c6b3-11e3-abe4-43f71316187c', '141c0c30-c2d2-11e3-bceb-83350fc580d2', '3', '0', '2014-05-02 09:31:10');
INSERT INTO `t_ef_user_reviews` VALUES ('70500b30-2684-11e4-8841-25fade088f59', 'e983ae90-2683-11e4-8841-25fade088f59', '07e82cf0-24e3-11e4-8841-25fade088f59', '3', '1', '2014-08-18 11:04:59');
INSERT INTO `t_ef_user_reviews` VALUES ('706fef40-2684-11e4-8841-25fade088f59', 'e983ae90-2683-11e4-8841-25fade088f59', '07e82cf0-24e3-11e4-8841-25fade088f59', '3', '1', '2014-08-18 11:04:59');
INSERT INTO `t_ef_user_reviews` VALUES ('70891c90-2684-11e4-8841-25fade088f59', 'e983ae90-2683-11e4-8841-25fade088f59', '07e82cf0-24e3-11e4-8841-25fade088f59', '3', '1', '2014-08-18 11:04:59');
INSERT INTO `t_ef_user_reviews` VALUES ('709385f0-d197-11e3-a202-89dd83b5fb2f', '92265c40-c6b3-11e3-abe4-43f71316187c', '141c0c30-c2d2-11e3-bceb-83350fc580d2', '3', '0', '2014-05-02 09:16:51');
INSERT INTO `t_ef_user_reviews` VALUES ('709a2ac0-d199-11e3-b3dd-e3906155d3f8', '92265c40-c6b3-11e3-abe4-43f71316187c', '141c0c30-c2d2-11e3-bceb-83350fc580d2', '3', '0', '2014-05-02 09:31:10');
INSERT INTO `t_ef_user_reviews` VALUES ('70a77a00-2684-11e4-8841-25fade088f59', 'e983ae90-2683-11e4-8841-25fade088f59', '07e82cf0-24e3-11e4-8841-25fade088f59', '3', '1', '2014-08-18 11:05:00');
INSERT INTO `t_ef_user_reviews` VALUES ('70c58950-2684-11e4-8841-25fade088f59', 'e983ae90-2683-11e4-8841-25fade088f59', '07e82cf0-24e3-11e4-8841-25fade088f59', '3', '1', '2014-08-18 11:05:00');
INSERT INTO `t_ef_user_reviews` VALUES ('70e26020-2684-11e4-8841-25fade088f59', 'e983ae90-2683-11e4-8841-25fade088f59', '07e82cf0-24e3-11e4-8841-25fade088f59', '3', '1', '2014-08-18 11:05:00');
INSERT INTO `t_ef_user_reviews` VALUES ('70fdd760-2684-11e4-8841-25fade088f59', 'e983ae90-2683-11e4-8841-25fade088f59', '07e82cf0-24e3-11e4-8841-25fade088f59', '3', '1', '2014-08-18 11:05:00');
INSERT INTO `t_ef_user_reviews` VALUES ('711c0dc0-2684-11e4-8841-25fade088f59', 'e983ae90-2683-11e4-8841-25fade088f59', '07e82cf0-24e3-11e4-8841-25fade088f59', '3', '1', '2014-08-18 11:05:00');
INSERT INTO `t_ef_user_reviews` VALUES ('713a4420-2684-11e4-8841-25fade088f59', 'e983ae90-2683-11e4-8841-25fade088f59', '07e82cf0-24e3-11e4-8841-25fade088f59', '3', '1', '2014-08-18 11:05:01');
INSERT INTO `t_ef_user_reviews` VALUES ('77bc1a90-d197-11e3-a202-89dd83b5fb2f', '92265c40-c6b3-11e3-abe4-43f71316187c', '141c0c30-c2d2-11e3-bceb-83350fc580d2', '3', '1', '2014-05-02 09:17:03');
INSERT INTO `t_ef_user_reviews` VALUES ('792fced0-d197-11e3-a202-89dd83b5fb2f', '92265c40-c6b3-11e3-abe4-43f71316187c', '141c0c30-c2d2-11e3-bceb-83350fc580d2', '3', '1', '2014-05-02 09:17:05');
INSERT INTO `t_ef_user_reviews` VALUES ('7ed072a0-d191-11e3-9d96-715e1f797a5f', '92265c40-c6b3-11e3-abe4-43f71316187c', null, '3', '0', '2014-05-02 08:34:18');
INSERT INTO `t_ef_user_reviews` VALUES ('7f6cd9b0-d191-11e3-9d96-715e1f797a5f', '92265c40-c6b3-11e3-abe4-43f71316187c', null, '3', '1', '2014-05-02 08:34:19');
INSERT INTO `t_ef_user_reviews` VALUES ('8353c3c0-0c1c-11e4-ad26-09030b3b7746', '1536fba0-0c1c-11e4-ad26-09030b3b7746', 'd49359b0-040d-11e4-80c0-3f879252e9e6', '3', '0', '2014-07-15 20:35:33');
INSERT INTO `t_ef_user_reviews` VALUES ('84108410-0c1c-11e4-ad26-09030b3b7746', '1536fba0-0c1c-11e4-ad26-09030b3b7746', 'd49359b0-040d-11e4-80c0-3f879252e9e6', '3', '1', '2014-07-15 20:35:34');
INSERT INTO `t_ef_user_reviews` VALUES ('87cd9c00-d198-11e3-a511-dde345d3c00f', '92265c40-c6b3-11e3-abe4-43f71316187c', '141c0c30-c2d2-11e3-bceb-83350fc580d2', '3', '0', '2014-05-02 09:24:39');
INSERT INTO `t_ef_user_reviews` VALUES ('9628cb50-fed2-11e3-9db2-8159031540c9', 'eaf08a50-f8f7-11e3-88b3-29ce15a223c1', '23260e60-fe8c-11e3-86c5-2fff3f4ee3ad', '3', '1', '2014-06-28 22:43:37');
INSERT INTO `t_ef_user_reviews` VALUES ('97bdea40-fed2-11e3-9db2-8159031540c9', 'eaf08a50-f8f7-11e3-88b3-29ce15a223c1', '23260e60-fe8c-11e3-86c5-2fff3f4ee3ad', '3', '0', '2014-06-28 22:43:39');
INSERT INTO `t_ef_user_reviews` VALUES ('99ec8b90-d197-11e3-a202-89dd83b5fb2f', '92265c40-c6b3-11e3-abe4-43f71316187c', '1f16b770-c2d2-11e3-bceb-83350fc580d2', '3', '0', '2014-05-02 09:18:00');
INSERT INTO `t_ef_user_reviews` VALUES ('9a5622d0-d197-11e3-a202-89dd83b5fb2f', '92265c40-c6b3-11e3-abe4-43f71316187c', '1f16b770-c2d2-11e3-bceb-83350fc580d2', '3', '1', '2014-05-02 09:18:01');
INSERT INTO `t_ef_user_reviews` VALUES ('ab4f02e0-5672-11e4-ba87-43e7183269ac', '92265c40-c6b3-11e3-abe4-43f71316187c', '3fbd2920-2b35-11e4-9d6a-89814f6d0063', '3', '0', '2014-10-18 10:58:42');
INSERT INTO `t_ef_user_reviews` VALUES ('ac775640-5672-11e4-ba87-43e7183269ac', '92265c40-c6b3-11e3-abe4-43f71316187c', '3fbd2920-2b35-11e4-9d6a-89814f6d0063', '3', '0', '2014-10-18 10:58:44');
INSERT INTO `t_ef_user_reviews` VALUES ('b4767370-d199-11e3-a8f1-6d8ffb673e5e', '92265c40-c6b3-11e3-abe4-43f71316187c', '1f16b770-c2d2-11e3-bceb-83350fc580d2', '3', '0', '2014-05-02 09:33:04');
INSERT INTO `t_ef_user_reviews` VALUES ('b685de00-f370-11e3-86e5-df0b23967598', '92265c40-c6b3-11e3-abe4-43f71316187c', '141c0c30-c2d2-11e3-bceb-83350fc580d2', '3', '1', '2014-06-14 11:05:18');
INSERT INTO `t_ef_user_reviews` VALUES ('b6e1b9a0-f370-11e3-86e5-df0b23967598', '92265c40-c6b3-11e3-abe4-43f71316187c', '141c0c30-c2d2-11e3-bceb-83350fc580d2', '3', '1', '2014-06-14 11:05:18');
INSERT INTO `t_ef_user_reviews` VALUES ('b8157eb0-f370-11e3-86e5-df0b23967598', '92265c40-c6b3-11e3-abe4-43f71316187c', '141c0c30-c2d2-11e3-bceb-83350fc580d2', '3', '0', '2014-06-14 11:05:20');
INSERT INTO `t_ef_user_reviews` VALUES ('c1423300-221b-11e4-8cab-33fcae3d303a', '92265c40-c6b3-11e3-abe4-43f71316187c', 'd2d65ce0-1c76-11e4-88a6-9308e8ec8851', '3', '1', '2014-08-12 20:25:33');
INSERT INTO `t_ef_user_reviews` VALUES ('c62a6200-24e3-11e4-8841-25fade088f59', '77808370-24e1-11e4-8841-25fade088f59', '07e82cf0-24e3-11e4-8841-25fade088f59', '3', '1', '2014-08-16 09:22:23');
INSERT INTO `t_ef_user_reviews` VALUES ('c95c19f0-24e3-11e4-8841-25fade088f59', '77808370-24e1-11e4-8841-25fade088f59', '07e82cf0-24e3-11e4-8841-25fade088f59', '3', '1', '2014-08-16 09:22:28');
INSERT INTO `t_ef_user_reviews` VALUES ('ca009750-24e3-11e4-8841-25fade088f59', '77808370-24e1-11e4-8841-25fade088f59', '07e82cf0-24e3-11e4-8841-25fade088f59', '3', '1', '2014-08-16 09:22:29');
INSERT INTO `t_ef_user_reviews` VALUES ('ca2f2160-24e3-11e4-8841-25fade088f59', '77808370-24e1-11e4-8841-25fade088f59', '07e82cf0-24e3-11e4-8841-25fade088f59', '3', '1', '2014-08-16 09:22:30');
INSERT INTO `t_ef_user_reviews` VALUES ('ca6091a0-24e3-11e4-8841-25fade088f59', '77808370-24e1-11e4-8841-25fade088f59', '07e82cf0-24e3-11e4-8841-25fade088f59', '3', '1', '2014-08-16 09:22:30');
INSERT INTO `t_ef_user_reviews` VALUES ('ca6d62e0-24e3-11e4-8841-25fade088f59', '77808370-24e1-11e4-8841-25fade088f59', '07e82cf0-24e3-11e4-8841-25fade088f59', '3', '1', '2014-08-16 09:22:30');
INSERT INTO `t_ef_user_reviews` VALUES ('ca86b740-24e3-11e4-8841-25fade088f59', '77808370-24e1-11e4-8841-25fade088f59', '07e82cf0-24e3-11e4-8841-25fade088f59', '3', '1', '2014-08-16 09:22:30');
INSERT INTO `t_ef_user_reviews` VALUES ('caa9cfa0-24e3-11e4-8841-25fade088f59', '77808370-24e1-11e4-8841-25fade088f59', '07e82cf0-24e3-11e4-8841-25fade088f59', '3', '1', '2014-08-16 09:22:30');
INSERT INTO `t_ef_user_reviews` VALUES ('cacd8440-24e3-11e4-8841-25fade088f59', '77808370-24e1-11e4-8841-25fade088f59', '07e82cf0-24e3-11e4-8841-25fade088f59', '3', '1', '2014-08-16 09:22:31');
INSERT INTO `t_ef_user_reviews` VALUES ('cb00c940-24e3-11e4-8841-25fade088f59', '77808370-24e1-11e4-8841-25fade088f59', '07e82cf0-24e3-11e4-8841-25fade088f59', '3', '1', '2014-08-16 09:22:31');
INSERT INTO `t_ef_user_reviews` VALUES ('cb0cfe40-24e3-11e4-8841-25fade088f59', '77808370-24e1-11e4-8841-25fade088f59', '07e82cf0-24e3-11e4-8841-25fade088f59', '3', '1', '2014-08-16 09:22:31');
INSERT INTO `t_ef_user_reviews` VALUES ('cb26a0c0-24e3-11e4-8841-25fade088f59', '77808370-24e1-11e4-8841-25fade088f59', '07e82cf0-24e3-11e4-8841-25fade088f59', '3', '1', '2014-08-16 09:22:31');
INSERT INTO `t_ef_user_reviews` VALUES ('cb406a50-24e3-11e4-8841-25fade088f59', '77808370-24e1-11e4-8841-25fade088f59', '07e82cf0-24e3-11e4-8841-25fade088f59', '3', '1', '2014-08-16 09:22:31');
INSERT INTO `t_ef_user_reviews` VALUES ('cb59beb0-24e3-11e4-8841-25fade088f59', '77808370-24e1-11e4-8841-25fade088f59', '07e82cf0-24e3-11e4-8841-25fade088f59', '3', '1', '2014-08-16 09:22:32');
INSERT INTO `t_ef_user_reviews` VALUES ('cb729de0-24e3-11e4-8841-25fade088f59', '77808370-24e1-11e4-8841-25fade088f59', '07e82cf0-24e3-11e4-8841-25fade088f59', '3', '1', '2014-08-16 09:22:32');
INSERT INTO `t_ef_user_reviews` VALUES ('cb8c6770-24e3-11e4-8841-25fade088f59', '77808370-24e1-11e4-8841-25fade088f59', '07e82cf0-24e3-11e4-8841-25fade088f59', '3', '1', '2014-08-16 09:22:32');
INSERT INTO `t_ef_user_reviews` VALUES ('cba5bbd0-24e3-11e4-8841-25fade088f59', '77808370-24e1-11e4-8841-25fade088f59', '07e82cf0-24e3-11e4-8841-25fade088f59', '3', '1', '2014-08-16 09:22:32');
INSERT INTO `t_ef_user_reviews` VALUES ('cbbffa90-24e3-11e4-8841-25fade088f59', '77808370-24e1-11e4-8841-25fade088f59', '07e82cf0-24e3-11e4-8841-25fade088f59', '3', '1', '2014-08-16 09:22:32');
INSERT INTO `t_ef_user_reviews` VALUES ('cbdcaa50-24e3-11e4-8841-25fade088f59', '77808370-24e1-11e4-8841-25fade088f59', '07e82cf0-24e3-11e4-8841-25fade088f59', '3', '1', '2014-08-16 09:22:32');
INSERT INTO `t_ef_user_reviews` VALUES ('cbf22e20-24e3-11e4-8841-25fade088f59', '77808370-24e1-11e4-8841-25fade088f59', '07e82cf0-24e3-11e4-8841-25fade088f59', '3', '1', '2014-08-16 09:22:33');
INSERT INTO `t_ef_user_reviews` VALUES ('cc0ba990-24e3-11e4-8841-25fade088f59', '77808370-24e1-11e4-8841-25fade088f59', '07e82cf0-24e3-11e4-8841-25fade088f59', '3', '1', '2014-08-16 09:22:33');
INSERT INTO `t_ef_user_reviews` VALUES ('cc24d6e0-24e3-11e4-8841-25fade088f59', '77808370-24e1-11e4-8841-25fade088f59', '07e82cf0-24e3-11e4-8841-25fade088f59', '3', '1', '2014-08-16 09:22:33');
INSERT INTO `t_ef_user_reviews` VALUES ('cc3f8ad0-24e3-11e4-8841-25fade088f59', '77808370-24e1-11e4-8841-25fade088f59', '07e82cf0-24e3-11e4-8841-25fade088f59', '3', '1', '2014-08-16 09:22:33');
INSERT INTO `t_ef_user_reviews` VALUES ('cc57f4d0-24e3-11e4-8841-25fade088f59', '77808370-24e1-11e4-8841-25fade088f59', '07e82cf0-24e3-11e4-8841-25fade088f59', '3', '1', '2014-08-16 09:22:33');
INSERT INTO `t_ef_user_reviews` VALUES ('cc70fb10-24e3-11e4-8841-25fade088f59', '77808370-24e1-11e4-8841-25fade088f59', '07e82cf0-24e3-11e4-8841-25fade088f59', '3', '1', '2014-08-16 09:22:33');
INSERT INTO `t_ef_user_reviews` VALUES ('cc8b60e0-24e3-11e4-8841-25fade088f59', '77808370-24e1-11e4-8841-25fade088f59', '07e82cf0-24e3-11e4-8841-25fade088f59', '3', '1', '2014-08-16 09:22:34');
INSERT INTO `t_ef_user_reviews` VALUES ('cc8c9f70-0420-11e4-b5c7-d37afe9038c7', '92265c40-c6b3-11e3-abe4-43f71316187c', '837fc450-fada-11e3-8c01-352a2d662b0b', '3', '0', '2014-07-05 16:46:05');
INSERT INTO `t_ef_user_reviews` VALUES ('cca44010-24e3-11e4-8841-25fade088f59', '77808370-24e1-11e4-8841-25fade088f59', '07e82cf0-24e3-11e4-8841-25fade088f59', '3', '1', '2014-08-16 09:22:34');
INSERT INTO `t_ef_user_reviews` VALUES ('ccbd4650-24e3-11e4-8841-25fade088f59', '77808370-24e1-11e4-8841-25fade088f59', '07e82cf0-24e3-11e4-8841-25fade088f59', '3', '1', '2014-08-16 09:22:34');
INSERT INTO `t_ef_user_reviews` VALUES ('ccd6e8d0-24e3-11e4-8841-25fade088f59', '77808370-24e1-11e4-8841-25fade088f59', '07e82cf0-24e3-11e4-8841-25fade088f59', '3', '1', '2014-08-16 09:22:34');
INSERT INTO `t_ef_user_reviews` VALUES ('ccf10080-24e3-11e4-8841-25fade088f59', '77808370-24e1-11e4-8841-25fade088f59', '07e82cf0-24e3-11e4-8841-25fade088f59', '3', '1', '2014-08-16 09:22:34');
INSERT INTO `t_ef_user_reviews` VALUES ('cd0a7bf0-24e3-11e4-8841-25fade088f59', '77808370-24e1-11e4-8841-25fade088f59', '07e82cf0-24e3-11e4-8841-25fade088f59', '3', '1', '2014-08-16 09:22:34');
INSERT INTO `t_ef_user_reviews` VALUES ('cd246c90-24e3-11e4-8841-25fade088f59', '77808370-24e1-11e4-8841-25fade088f59', '07e82cf0-24e3-11e4-8841-25fade088f59', '3', '1', '2014-08-16 09:22:35');
INSERT INTO `t_ef_user_reviews` VALUES ('cd3dc0f0-24e3-11e4-8841-25fade088f59', '77808370-24e1-11e4-8841-25fade088f59', '07e82cf0-24e3-11e4-8841-25fade088f59', '3', '1', '2014-08-16 09:22:35');
INSERT INTO `t_ef_user_reviews` VALUES ('cd3e8a50-0420-11e4-b5c7-d37afe9038c7', '92265c40-c6b3-11e3-abe4-43f71316187c', '837fc450-fada-11e3-8c01-352a2d662b0b', '3', '1', '2014-07-05 16:46:06');
INSERT INTO `t_ef_user_reviews` VALUES ('cd576370-24e3-11e4-8841-25fade088f59', '77808370-24e1-11e4-8841-25fade088f59', '07e82cf0-24e3-11e4-8841-25fade088f59', '3', '1', '2014-08-16 09:22:35');
INSERT INTO `t_ef_user_reviews` VALUES ('cd70b7d0-24e3-11e4-8841-25fade088f59', '77808370-24e1-11e4-8841-25fade088f59', '07e82cf0-24e3-11e4-8841-25fade088f59', '3', '1', '2014-08-16 09:22:35');
INSERT INTO `t_ef_user_reviews` VALUES ('cd8c0800-24e3-11e4-8841-25fade088f59', '77808370-24e1-11e4-8841-25fade088f59', '07e82cf0-24e3-11e4-8841-25fade088f59', '3', '1', '2014-08-16 09:22:35');
INSERT INTO `t_ef_user_reviews` VALUES ('cda53550-24e3-11e4-8841-25fade088f59', '77808370-24e1-11e4-8841-25fade088f59', '07e82cf0-24e3-11e4-8841-25fade088f59', '3', '1', '2014-08-16 09:22:35');
INSERT INTO `t_ef_user_reviews` VALUES ('cdbe3b90-24e3-11e4-8841-25fade088f59', '77808370-24e1-11e4-8841-25fade088f59', '07e82cf0-24e3-11e4-8841-25fade088f59', '3', '1', '2014-08-16 09:22:36');
INSERT INTO `t_ef_user_reviews` VALUES ('cdeff9f0-24e3-11e4-8841-25fade088f59', '77808370-24e1-11e4-8841-25fade088f59', '07e82cf0-24e3-11e4-8841-25fade088f59', '3', '1', '2014-08-16 09:22:36');
INSERT INTO `t_ef_user_reviews` VALUES ('ce092740-24e3-11e4-8841-25fade088f59', '77808370-24e1-11e4-8841-25fade088f59', '07e82cf0-24e3-11e4-8841-25fade088f59', '3', '1', '2014-08-16 09:22:36');
INSERT INTO `t_ef_user_reviews` VALUES ('ce245060-24e3-11e4-8841-25fade088f59', '77808370-24e1-11e4-8841-25fade088f59', '07e82cf0-24e3-11e4-8841-25fade088f59', '3', '1', '2014-08-16 09:22:36');
INSERT INTO `t_ef_user_reviews` VALUES ('ce41ea80-24e3-11e4-8841-25fade088f59', '77808370-24e1-11e4-8841-25fade088f59', '07e82cf0-24e3-11e4-8841-25fade088f59', '3', '1', '2014-08-16 09:22:36');
INSERT INTO `t_ef_user_reviews` VALUES ('ce58cde0-24e3-11e4-8841-25fade088f59', '77808370-24e1-11e4-8841-25fade088f59', '07e82cf0-24e3-11e4-8841-25fade088f59', '3', '1', '2014-08-16 09:22:37');
INSERT INTO `t_ef_user_reviews` VALUES ('cf88f040-2471-11e4-8841-25fade088f59', '92265c40-c6b3-11e3-abe4-43f71316187c', '91fe9440-240e-11e4-8841-25fade088f59', '3', '0', '2014-08-15 19:46:36');
INSERT INTO `t_ef_user_reviews` VALUES ('d02a8770-2471-11e4-8841-25fade088f59', '92265c40-c6b3-11e3-abe4-43f71316187c', '91fe9440-240e-11e4-8841-25fade088f59', '3', '1', '2014-08-15 19:46:37');
INSERT INTO `t_ef_user_reviews` VALUES ('d05faf20-d199-11e3-b78a-419f0cccfdcd', '92265c40-c6b3-11e3-abe4-43f71316187c', '1f16b770-c2d2-11e3-bceb-83350fc580d2', '3', '1', '2014-05-02 09:33:51');
INSERT INTO `t_ef_user_reviews` VALUES ('d0efba20-d199-11e3-b78a-419f0cccfdcd', '92265c40-c6b3-11e3-abe4-43f71316187c', '1f16b770-c2d2-11e3-bceb-83350fc580d2', '3', '0', '2014-05-02 09:33:52');
INSERT INTO `t_ef_user_reviews` VALUES ('db551390-f361-11e3-b008-6dcddc06d37e', '92265c40-c6b3-11e3-abe4-43f71316187c', '141c0c30-c2d2-11e3-bceb-83350fc580d2', '3', '1', '2014-06-14 09:18:57');
INSERT INTO `t_ef_user_reviews` VALUES ('dcde2490-f361-11e3-b008-6dcddc06d37e', '92265c40-c6b3-11e3-abe4-43f71316187c', '141c0c30-c2d2-11e3-bceb-83350fc580d2', '3', '0', '2014-06-14 09:18:59');
INSERT INTO `t_ef_user_reviews` VALUES ('dd3bafd0-24e3-11e4-8841-25fade088f59', '77808370-24e1-11e4-8841-25fade088f59', '07e82cf0-24e3-11e4-8841-25fade088f59', '3', '1', '2014-08-16 09:23:02');
INSERT INTO `t_ef_user_reviews` VALUES ('dd5467f0-24e3-11e4-8841-25fade088f59', '77808370-24e1-11e4-8841-25fade088f59', '07e82cf0-24e3-11e4-8841-25fade088f59', '3', '1', '2014-08-16 09:23:02');
INSERT INTO `t_ef_user_reviews` VALUES ('dd6cf900-24e3-11e4-8841-25fade088f59', '77808370-24e1-11e4-8841-25fade088f59', '07e82cf0-24e3-11e4-8841-25fade088f59', '3', '1', '2014-08-16 09:23:02');
INSERT INTO `t_ef_user_reviews` VALUES ('dd862650-24e3-11e4-8841-25fade088f59', '77808370-24e1-11e4-8841-25fade088f59', '07e82cf0-24e3-11e4-8841-25fade088f59', '3', '1', '2014-08-16 09:23:02');
INSERT INTO `t_ef_user_reviews` VALUES ('dd9fa1c0-24e3-11e4-8841-25fade088f59', '77808370-24e1-11e4-8841-25fade088f59', '07e82cf0-24e3-11e4-8841-25fade088f59', '3', '1', '2014-08-16 09:23:02');
INSERT INTO `t_ef_user_reviews` VALUES ('ddbaf1f0-24e3-11e4-8841-25fade088f59', '77808370-24e1-11e4-8841-25fade088f59', '07e82cf0-24e3-11e4-8841-25fade088f59', '3', '1', '2014-08-16 09:23:02');
INSERT INTO `t_ef_user_reviews` VALUES ('dddb9950-24e3-11e4-8841-25fade088f59', '77808370-24e1-11e4-8841-25fade088f59', '07e82cf0-24e3-11e4-8841-25fade088f59', '3', '1', '2014-08-16 09:23:03');
INSERT INTO `t_ef_user_reviews` VALUES ('ddebc5f0-24e3-11e4-8841-25fade088f59', '77808370-24e1-11e4-8841-25fade088f59', '07e82cf0-24e3-11e4-8841-25fade088f59', '3', '1', '2014-08-16 09:23:03');
INSERT INTO `t_ef_user_reviews` VALUES ('de12aee0-24e3-11e4-8841-25fade088f59', '77808370-24e1-11e4-8841-25fade088f59', '07e82cf0-24e3-11e4-8841-25fade088f59', '3', '1', '2014-08-16 09:23:03');
INSERT INTO `t_ef_user_reviews` VALUES ('de2e7440-24e3-11e4-8841-25fade088f59', '77808370-24e1-11e4-8841-25fade088f59', '07e82cf0-24e3-11e4-8841-25fade088f59', '3', '1', '2014-08-16 09:23:03');
INSERT INTO `t_ef_user_reviews` VALUES ('de3c56f0-24e3-11e4-8841-25fade088f59', '77808370-24e1-11e4-8841-25fade088f59', '07e82cf0-24e3-11e4-8841-25fade088f59', '3', '1', '2014-08-16 09:23:03');
INSERT INTO `t_ef_user_reviews` VALUES ('de627c90-24e3-11e4-8841-25fade088f59', '77808370-24e1-11e4-8841-25fade088f59', '07e82cf0-24e3-11e4-8841-25fade088f59', '3', '1', '2014-08-16 09:23:04');
INSERT INTO `t_ef_user_reviews` VALUES ('de96d300-24e3-11e4-8841-25fade088f59', '77808370-24e1-11e4-8841-25fade088f59', '07e82cf0-24e3-11e4-8841-25fade088f59', '3', '1', '2014-08-16 09:23:04');
INSERT INTO `t_ef_user_reviews` VALUES ('deb04e70-24e3-11e4-8841-25fade088f59', '77808370-24e1-11e4-8841-25fade088f59', '07e82cf0-24e3-11e4-8841-25fade088f59', '3', '1', '2014-08-16 09:23:04');
INSERT INTO `t_ef_user_reviews` VALUES ('dec9f0f0-24e3-11e4-8841-25fade088f59', '77808370-24e1-11e4-8841-25fade088f59', '07e82cf0-24e3-11e4-8841-25fade088f59', '3', '1', '2014-08-16 09:23:04');
INSERT INTO `t_ef_user_reviews` VALUES ('df779610-24e3-11e4-8841-25fade088f59', '77808370-24e1-11e4-8841-25fade088f59', '07e82cf0-24e3-11e4-8841-25fade088f59', '3', '1', '2014-08-16 09:23:05');
INSERT INTO `t_ef_user_reviews` VALUES ('dfcb8270-24e3-11e4-8841-25fade088f59', '77808370-24e1-11e4-8841-25fade088f59', '07e82cf0-24e3-11e4-8841-25fade088f59', '3', '1', '2014-08-16 09:23:06');
INSERT INTO `t_ef_user_reviews` VALUES ('f04b18c0-0447-11e4-8dc0-09ba4baecd02', 'd70c1580-0447-11e4-8dc0-09ba4baecd02', '141c0c30-c2d2-11e3-bceb-83350fc580d2', '3', '0', '2014-07-05 21:26:15');
INSERT INTO `t_ef_user_reviews` VALUES ('f191ca50-d196-11e3-b882-9d19297cd432', '92265c40-c6b3-11e3-abe4-43f71316187c', null, '3', '1', '2014-05-02 09:13:18');
INSERT INTO `t_ef_user_reviews` VALUES ('f1b4e1f0-0447-11e4-8dc0-09ba4baecd02', 'd70c1580-0447-11e4-8dc0-09ba4baecd02', '141c0c30-c2d2-11e3-bceb-83350fc580d2', '3', '1', '2014-07-05 21:26:17');
INSERT INTO `t_ef_user_reviews` VALUES ('f4245b50-0447-11e4-8dc0-09ba4baecd02', 'd70c1580-0447-11e4-8dc0-09ba4baecd02', '141c0c30-c2d2-11e3-bceb-83350fc580d2', '3', '1', '2014-07-05 21:26:21');
INSERT INTO `t_ef_user_reviews` VALUES ('f46beba0-0447-11e4-8dc0-09ba4baecd02', 'd70c1580-0447-11e4-8dc0-09ba4baecd02', '141c0c30-c2d2-11e3-bceb-83350fc580d2', '3', '1', '2014-07-05 21:26:22');
INSERT INTO `t_ef_user_reviews` VALUES ('f49a7480-301f-11e4-ab83-21f40f2f1413', 'ccd666c0-301f-11e4-ab83-21f40f2f1413', '284d49e0-221c-11e4-8cab-33fcae3d303a', '3', '1', '2014-08-30 16:30:53');
INSERT INTO `t_ef_user_reviews` VALUES ('f49aeae0-0447-11e4-8dc0-09ba4baecd02', 'd70c1580-0447-11e4-8dc0-09ba4baecd02', '141c0c30-c2d2-11e3-bceb-83350fc580d2', '3', '1', '2014-07-05 21:26:22');
INSERT INTO `t_ef_user_reviews` VALUES ('f5045b10-0447-11e4-8dc0-09ba4baecd02', 'd70c1580-0447-11e4-8dc0-09ba4baecd02', '141c0c30-c2d2-11e3-bceb-83350fc580d2', '3', '0', '2014-07-05 21:26:23');
INSERT INTO `t_ef_user_reviews` VALUES ('f56c1d90-0447-11e4-8dc0-09ba4baecd02', 'd70c1580-0447-11e4-8dc0-09ba4baecd02', '141c0c30-c2d2-11e3-bceb-83350fc580d2', '3', '0', '2014-07-05 21:26:23');
INSERT INTO `t_ef_user_reviews` VALUES ('f5832800-0447-11e4-8dc0-09ba4baecd02', 'd70c1580-0447-11e4-8dc0-09ba4baecd02', '141c0c30-c2d2-11e3-bceb-83350fc580d2', '3', '0', '2014-07-05 21:26:24');
INSERT INTO `t_ef_user_reviews` VALUES ('f5a18570-0447-11e4-8dc0-09ba4baecd02', 'd70c1580-0447-11e4-8dc0-09ba4baecd02', '141c0c30-c2d2-11e3-bceb-83350fc580d2', '3', '0', '2014-07-05 21:26:24');
INSERT INTO `t_ef_user_reviews` VALUES ('f5c8bc80-0447-11e4-8dc0-09ba4baecd02', 'd70c1580-0447-11e4-8dc0-09ba4baecd02', '141c0c30-c2d2-11e3-bceb-83350fc580d2', '3', '0', '2014-07-05 21:26:24');
INSERT INTO `t_ef_user_reviews` VALUES ('f5e56c40-0447-11e4-8dc0-09ba4baecd02', 'd70c1580-0447-11e4-8dc0-09ba4baecd02', '141c0c30-c2d2-11e3-bceb-83350fc580d2', '3', '0', '2014-07-05 21:26:24');
INSERT INTO `t_ef_user_reviews` VALUES ('f5f6a920-301f-11e4-ab83-21f40f2f1413', 'ccd666c0-301f-11e4-ab83-21f40f2f1413', '284d49e0-221c-11e4-8cab-33fcae3d303a', '3', '1', '2014-08-30 16:30:56');
INSERT INTO `t_ef_user_reviews` VALUES ('f72ae360-301f-11e4-ab83-21f40f2f1413', 'ccd666c0-301f-11e4-ab83-21f40f2f1413', '284d49e0-221c-11e4-8cab-33fcae3d303a', '3', '1', '2014-08-30 16:30:58');
INSERT INTO `t_ef_user_reviews` VALUES ('fd7fcfa0-0cc5-11e4-ad26-09030b3b7746', '92265c40-c6b3-11e3-abe4-43f71316187c', 'f9865de0-07c2-11e4-a25b-e7c9caab850c', '3', '0', '2014-07-16 16:48:43');
INSERT INTO `t_ef_user_reviews` VALUES ('fe6ec380-0cc5-11e4-ad26-09030b3b7746', '92265c40-c6b3-11e3-abe4-43f71316187c', 'f9865de0-07c2-11e4-a25b-e7c9caab850c', '3', '1', '2014-07-16 16:48:44');
